单词,中文翻译,记忆方法
abate,缓解，减轻，减少,a-表示否定，bat-还可以表示击打（to beat） - 不再击打
aberrant,异常的，背离常规的,ab-away，err-wander，跑偏了，反义词normal
abhor,厌恶,"horrible ab-:away, abhorrent"
abject,悲惨的，可怜的,扔在一边所以很可怜，jac=ject=throw(reject)
abjure,宣布放弃，放弃权利,abandon，ab:away，jure表示发誓 to swear，在法庭上的宣誓行动，jury 陪审团
abominate,憎恶，痛恨,ab-away+omin-omen+ate，ominous 凶兆的，不吉祥的
abstain,禁绝，禁欲，放弃（投票）from,abs-away+tain-keep(maintaion)
abstemious,人有节制地，不放荡的,联想abstem-abstain+ious，abs-away+tem--drink
abuse,谩骂，滥用，虐待,
abut,临近，毗邻,"same as about, near adjoin"
accent,口音,cant/chant=sing
acclivity,向上的陡坡,"ac-to, cliv(cliff)-bend, an ascending slope"
accompanied,伴随着,
accretion,增加,
accrue,增加，增长,ac-to，cru-create=不断创造
acerbic,酸的，尖刻的,"ic 是形容词后缀，acerb=acr=ac 表示酸（sour,acid），尖锐的（sharp）"
acme,事业的顶峰,ac-尖锐的，可以跟 acme 联动记忆，我事业顶峰，你满脸粉刺
acne,粉刺,可以跟 acme 联动记忆，我事业顶峰，你满脸粉刺
acquiesce,默许，勉强同意,"ac表示加强，逐渐平静下来，～ in sth, qui:quiet，-esce/-escent/escence 表示逐渐"
acquittal,宣判无罪,ac表示加强，当场quit->释放，退出法庭（to free and relase），acquit sb of sth 宣判某人无罪，反义词：convict
acrid,尖刻的，辛辣的,ac就是酸
acrimonious,尖酸刻薄的,
acrimony,尖刻,
acrobat,杂技演员,"acro-:high,bat=走，打"
acrobatics,杂技,
acrophobia,恐高症,-phobia 表示恐惧症
activism,行动主义,
acumen,精明，敏锐,尖尖的男人很敏锐
adapt,适应,apt来自appropriate合适的
adaptability,适应性,
adept,熟练的,-ept：expert，专家很熟练，ad表示加强
adjacent,邻近，毗邻的，接近的,同：adjoin；ad-表示加强，jac=ject=throw(reject)，-ent 表示形容词后缀，be ～ to
adjourn,延期休会，中止，推迟,-ad表示加强，journ表示day，“加强几天”，-推迟
adjure,恳求,"ad-to+jure, same as conjure"
adolescence,青春期,
adolescent,青少年,
adopt,收养采纳,来自option，adopted son 养子，adoptive mother 养母
adroit,熟练的，灵巧的（口齿）,a-表示加强，drive表示驱动，“使动起来”
adulate,奉承，谄媚,
adult,成人三部曲,
adulterate,掺杂,反：purify 提纯
adultery,通奸,男男女女掺杂在一起
adversary,敌人，对手,"ary如果是名词，则为人或者地点,adverse是敌对的"
adverse,敌对的，相反的,ad-to，vert=turn转变
adversity,不幸，逆境，adverse condition,联想 city 在城市里出现逆境
advert,注意，留意,联想：advertisement 广告
aerobatics,特技飞行,aero-表示air，在空气中飞行
aerobics,有氧运动,
aesthetic,美学的，吸引人的,
affability,亲切,
affluence,富裕，富足（rich）,flu-flow流 fluid
affront,公开侮辱，轻蔑，冒犯,front表示正面->forehead，“在你面前说你不好“
afoot,1徒步的；2在进行中的,
afresh,重新，又一次,
agile,灵敏的，敏捷,-ile如果作为形容词后缀表示易于 .... 的，如 fragile 表示易碎的，“易于行动的” -> 灵敏的
agitate,激起，煽动,it表示走，ag表示行动，“走，去行动”->煽动
agrarian,有关土地的，耕地的,agri-field，和土地有关，agriculture，农业
agronomy,农学,
aground,搁浅的,The ship went aground
akin,同族的，同源的,
alcove,凹室，壁橱，神龛,cove-cave，al-加强
alienate,疏远,远离狮子
alight,燃烧的,
allay,减轻，减少,同allevicate，al-加强，levi：上升lift/轻light，allay your fear/anxiety
alleviate,减轻,同 allay
aloof,避开的，冷淡的，孤零的,a+leave 远离，冷淡，a+v./n.=a./ad.
altercate,口角，争吵,
alternate,交替,alter-表示其他
altruism,利他主义,alter-表示other，联想：all+true+ism
altruist,利他主义者,
amalgam,混合物，汞合金,联想：两个AM合并成一个LG公司
amalgamate,混合，合并,反义词：separate
ambidextrous,双手灵巧的，双手善用的,dextr=right，右面，有两只右手，左手也和右手一样
ambience,气氛，氛围=atmosphere,ambi-接名词词尾，周围的是气氛
ambiguity,模棱两可,
ambiguous,模棱两可的,"ambi-二,gu拼音“估”，估计出来两个答案，很模棱两可的"
ambivalent,内心矛盾的，纠结的,ambi-表示二，内心两种价值，val=value价值观
ambrosia,美食,希腊神话，美食
ambrosial,芳香的,amb(ambi)+rose+al，周围都是玫瑰花，所以是芳香的
ambush,潜伏/伏兵,am-=im-藏在（bush）灌木丛里面
amiable,友好的，亲切和蔼,能让人爱，也能爱别人的，=kind，am-amour=love
amicable,亲切的，友好的,
amity,和睦，友好，友爱,
amorous,多情的，恋爱的,am-amour=love
amorphous,无形状的，不定型的，无定形的,-a表示否定（例：symmetry，对称，asymmetry不对称），+morph表示形状和form首尾字母颠倒+ous，没有形状的
amphibian,两栖的,bio=生命，ambi=amphi，1around周围，环绕ambition；2both二
amphitheater,斗兽场，环形剧场,amphi-取环形的意思，环形的剧院
analgesic,止痛剂，止痛的=painkiller,algia-:表示疼痛pain，a=an-(not)否定+algia “不疼”
anatomize,解剖；分析,联想，打开atom软件记录分析过程
annihilate,消灭，歼灭,an-to+nihil=nothing虚无+ate动词后缀；联想（no+hill）没有山-虚无的
annotate,注释，评注,annotation注释，an-to，来自note记录=to mark“加强标记”->注释
annul,取消，废除,"an-to,nullify=废除"
antagonist,敌手，对手,反派rival，contestant
antagonize,敌对，对抗,"~sb\sth,ant-等于anti-表示相反，agon-ag=act行动，做相反的行动"
antic,反常的，古怪的，滑稽的（ridiculous）,“反的”
anticlimax,突降法，虎头蛇尾，令人扫兴的结尾,anti-against，climax 高潮（小说，戏剧），心情突然从高潮跌落下来了
antiseptic,防腐的，防腐剂,
antithesis,观点对立,
anxiety,焦虑,联想，按掉ie浏览器的x，担心系统会出问题
apathy,无情，冷漠,pass/path-feeling
aphorism,格言，谚语,ism表示一种主义，a表示加强，phor=-fer-表示carry，如 transfer 带来一种精神的话-格言
apiary,养蜂场,
apocrypha,伪经（旧约）,联想，哭反方向了；喊一些违背的东西
apocryphal,伪经的，假冒的,联想，哭反方向了；喊一些违背的东西
appertain,属于，关于,ap加强，per一直
applaud,鼓掌,联想，ap加强，p手掌
aquatic,水生的，水栖的,aqua=water，aquarium：水族馆，Aquarius
aqueous,含水的,containing water，-ous-full of “充满水的”
aquifer,含水层,fer=carry，“搬水，携带水”->含水层
arbor,树荫处,
arboreal,树栖的，树生,
arboretum,树木园，植物园,-um地点，arbor-=arb；tree表示树，和（h）erb同源；或联想 harbor 港口遮挡风雨，arbor 树荫当太阳
arboriculture,树木养殖业,culture表示……养殖业
arcane,神秘的,arc-圆弧，神秘的圆弧线
arctic,北极,
ardent,热心的，热情洋溢的，燃烧般的,-ent表示形容词词尾，ard=ars源自ash，表示burn燃烧
ardor,热情,
arduous,辛苦费力的，困难的，艰难的（laborious）,ard-hard+uous相当于harduous
arid,干旱的,干的只剩一a朵花r
arrant,彻头彻尾的，声名狼藉的,arr与err（error）同源 + ant 后缀，“总是出错的人就声名狼藉“，err-1mistake2wander
arsenal,军火库，军械库,ars=燃烧
arson,纵火罪,
arsonist,纵火犯,
artful,狡猾的，同sly/cunning,-ful表示full“充满了技巧，诡计”
articulate,清晰的，清晰明白地说,同源article，art作为词根表示skill，“写文章要清楚地表达”
artifact,工艺品,fact-做，做得很艺术
artisan,技工,-san-表示人“和技术有关的人”
artless,淳朴的，自然的,-less表示否定后缀
ascertained,确定,as加强，certain确定
ascetic,苦行的，禁欲的，禁欲的人,源自athletic运动的，“禁欲的目的是进行体育比赛”
aseptic,无菌的,反义：contaminated 污染的，septic-腐烂的，腐臭的；“七月的东西易腐烂”
askew,歪斜的，歪斜地,联想 ask+we，照片歪没歪
assassinate,刺杀,ass屁股+ass+in，assassin 刺客，在屁股后面暗杀
assent,同意,a加辅音双写都表示一个动作的加强，产生强烈的感觉 as+sent+sense
assessment,评估,
assiduous,勤勉的，刻苦的,反：slothful，同：diligent\industrious\hard-working，as-to，sid/sed=sit，-ous-adj；加强坐着，整天坐在那里看书的
assimilate,吸收，理解，同化,as表示加强，simul/simil/semble=similar相似，加强相同
astigmatic,乱视的，散光的,a+stig/stin=sting死盯如stimulate（刺），光线扎眼
astonish,令人震惊,a表示加强，加强扎->令人震惊的 astound
attachment ,喜爱,
attenuate,削弱,at-to+tenu-thin薄瘦+ate
auction,拍卖,增加产品价值的活动
audacious,厚颜无耻的，大胆的,aud-add-acious，表示多，胆量不断增加
augment,增加,"联想argument，争吵不断增加，词根aug/auc/aud=increase,add"
augury,征兆，预言,与auspicious一起记忆
august,威严,八月August
auspicious,吉祥的，吉兆的,spic=spect看，看见鸟就是吉祥的，~ cloud祥云
austere,简朴的，严峻的，严厉的=strict，操行上一丝不苟的，ascetic，苦行的,au-to+stern-:严格的，“死瞪”
authentic,可信的，真正的，真迹,"auth=author作者,""出自真正作家手笔的“"
avalanche,雪崩,看见雪崩拦lan车che
avarice,垂涎，贪婪,联想 rice大米，ava 堪称眼睛，眼睛总是看着大米想占为己有->贪婪，贪财
avaricious,贪婪的，贪财的,avarice变形，联想大米，ava看成眼睛，眼睛一直盯着大米想占为己有
aver,公开承认，公开声明,a-to+ver-true：将真相说出；voc/cok--call/speak
averse,不喜欢的，厌恶的,串记：厌恶敌对，be averse to doing sth = loathe
avert,转移，避免,vert/vers=turn，转变，a-to+vert，转变=转移
avian,鸟的,avian migrant 候鸟
aviary,大型鸟舍，鸟类饲养场,avi=au=bird，api-表示蜜蜂
aviation,飞行术，航空学,avi-bird
aviator,飞行员,
aviculture,养鸟业,culture 表示养殖业
avid,贪婪的，狂热的,av表示贪婪
avow,承认，公开声明 concede/admit/confess/acknowledge,a-表示加强，vow来自voice，加强发声，公开承认 vow v./n. 宣誓
awry,歪的，斜的,wr=twist和扭曲有关，look awry 斜视
babble,呀呀儿语,baby
baleful,恶毒的,bale，大包裹，不幸，痛苦；谐音：很背噢
balm,香膏；香油，安慰物,balm-palm 手掌，往手掌上抹的油
balmy,芳香的，温和的,
bandage,绷带,
bane,灾害，祸根,ban->禁止做的
baneful,有害的，使人苦恼的,
bankrupt,破产,
barbarian,野蛮的，野蛮人,人拿着两个棒子
barrel,桶,近：blockade，道路封锁，block1街区2阻拦
barren,贫瘠的，不孕不育的,土地上就剩下几个棒子了，没有人
barricade,路障,barrier bar--棒子stick，棒子形成的集合->路障
barrister,（出庭的）律师【英】,st-stand，站着不动，站在栅栏中辩护的人
baton,警棍，指挥棒,on（名词后缀）作为后缀表示小，如electron电子，”打人的小东西“->警棍
battalion,军营，军队,
bawdy,淫秽的，好色的,源于 bawd 老鸠，bawdy->body“提到人的裸体是色情”
bedeck,装饰,be-加强，deck 装饰，decorate
beguile,欺骗,guile 欺骗
belabor,重击重打；严厉谴责,对劳动人民打骂
belay,拴住,be-加强，tie同belay
beleaguer,围攻,league，联盟，联合，联盟起来攻打
belie,掩饰；证明……为假,撒谎是为了掩饰
belittle,鄙视，小看,
benediction,祝福,bene+dict表示说，说好话->祝福
benefactor,行善者,"bene->good,fact- 表示做，to make， factory + or 人，做好事的人"
beneficence,仁慈,
beneficent,仁慈的，有善心的,fic-fact-make，做好事的
beneficiary,受益人,
benevolent,好意的，有善心的,"vol-:will意愿，volunteer,bene+vol"
benign,良性的,bene-good好，联想begin刚开始的肿瘤->良性的，benign tumor良性肿瘤
berth,卧铺；停泊处,"联想birth""生在卧铺"""
besiege,包围，围攻,be加强，seige 包围
bestow,给予（有价值的东西）,bestow sth on sb; 安放；be-加强，st-stand，使站立在那
bewilder,不知所措，困惑,
bilious,易怒的,bile：胆汁，胆不好，脾气暴躁
bilk,诈骗，敲诈,bilk sb out of sth
birch,桦树；用藤条打,"联想 bird""鸟在桦树"""
blackmail,勒索，敲诈,寄去一封黑色的信
blame,责怪,
blaspheme,亵渎,
blasphemy,亵渎,pheme=fame表示声音，blas-=blast->来自blow 炸毁名誉
blatant,喧嚣的；【贬】明显的（形容消极事物）；臭名昭著的,blabla地谈，很吵
blithe,快乐的，轻浮的,反义词是serious，来自 bliss极乐，美满 -> bless
bloated,红肿的，肿胀的,blow->吹起来-肿胀
blotch,红斑，斑点,明显肿胀的红斑
bluster,风狂吹,联想blow
blustering,叫嚣的，喧嚣的,风怒号的状态
bogus,假的,~ doctor 庸医
boisterous,狂暴的，喧闹的,男孩boi（boy）站在一起（ster-stand）吵吵闹闹
bolster,垫子，支持,龙虾坐在垫子上
bombastic,夸夸其谈,像炸弹一样地说
bondage,奴役，束缚,bond-bind绑
boycott,抵制，联合抵制,
bravado,虚张声势，逞能,做作do的勇敢brave
breach,违背，破坏,联想-break，br-分支/分歧；出生/生 born
breech,臀部,br-分开，屁股有两半，左右对称
breed,繁殖,br-开头的词，跟分开，分歧，出生有关
brew,酿；酝酿计划,brew a plot 酝酿阴谋
brim,帽子边,串记：rim是边缘，b在前边是不变，鬼在前边真恐怖，树在前边是修剪，起初开头是呆板
brink,断崖边缘,br-：break，一条路断裂开来
broach,给……开口；开口；开始讨论；提出,联想，a啊张开表示有bro分歧
brooch,胸针,联想，o在胸上bro生出东西
brood,孵化；沉思,br-开头的词，跟分开，分歧，出生有关
brutal,无情的，残忍的,联想，bru=bro，把ta他们bro分开很无情
bucolic,田园的，乡村的,bu-bull，col-call 听见牛在叫
bugle,军号，号/吹号,bull-ox 有关，bull+angle用牛角做的号角
bulge,突出，膨胀，塞满,a full bag
bullish,行情上涨的；自信乐观的,bull+ish 像……
bully,恐吓，欺负，欺凌弱小，土霸,
bumble,拙劣的做；含糊地说；大错误；低级错误,bumb联想bomb
bungle,笨手笨脚地做,谐音：笨狗，反义：bring off 顺利完成
cacophonous,发声不和谐的，嘈杂的,caco-咔咔，卡壳的声音phon-sound
cacophony,嘈杂,
cadge,行乞，乞讨,cadge a living 乞讨为生，【反】earn a living
calamity,灾难，不幸,c+alarm+ity，城市中的警报
callosity,无情；茧皮,联想，边喊边丢
callous,无情的，心肠狠的,call=call+ous 充满了喊的“怎么喊都不理你”；词根，call-hard 心硬的
calloused,结满老茧的,手硬的
calumniate,中伤，诽谤,cal-call + u + m + ate
calumny,诽谤,
camouflage,（军事上）伪装,联想：ca插（上）某mou（国）的旗子flag 伪装
canard,谣言,女歌星多穿谣言，-ard结尾的多为消极名次，如blizzard hazard bastard coward
canary,金丝雀，女歌星,
cannon,大炮，加农炮,
canon,真经，教会法规,佳能
canonical,规范的，按教规行事的,反义词 nontraditional
cant,行话，暗语，伪善的言辞，黑话,cant/chant=sing，唱它；1像唱歌一样的话；2不能（can't）为人所知的话
cantankerous,脾气坏的,anker=anger，cant=sing，联想“开坦克的人脾气不好”
cantata,大合唱，清唱剧,
cantor,领唱者,
canvas,帆布，油画布,联想converse，匡威，帆布鞋
canvass,1游说（=lobby），拉票；2观察,
cape,海角,Cape of Good Hope 好望角
capitulate,投降,cap+it(to go)，被抓走->投降
capricious,变化多端的；任性的，善变的,联想，伸手抓大米，米的形状变化多端；caprice 变形
caption,图片的标题，插图说明,联想，在tiff格式上面的说明
captious,吹毛求疵的，挑剔的,"cap-catch抓毛病，cap:1/head，capital；2/catch,如 capture"
captivate,使着迷，使迷惑，吸引,cap-catch + tiv-联想TV，电视把我牢牢抓住
carcass,动物的尸体,ass-驴，牲口的尸体
cardiac,心脏的,-ac=ic，心+的，～surgery心脏手术，~disease心脏病
cardinal,主要的，最重要的,没有比较级，本身就是最了，在心card里in的al最重要，card-cord->headr，core
cardiologist,心脏学家,ologist是研究xxx的人
carnage,残杀，大屠杀,age表示动作的结果，carn-flesh肉，把人都变成肉了
carnal,肉体的，肉欲的,carn-肉
carnation,康乃馨,肉色的花朵
carnival,狂欢节，嘉年华,吃肉的节日，val--festival
carnivore,食肉动物,vor-eat divorce
carouse,狂欢作乐,唤起arouse你吃肉的欲望
carp,鲤鱼；吹毛求疵，挑剔,鲤鱼很多刺，挑刺
carrion,腐肉,-on 名词词尾表示小，肉逐渐变小
cataclysm,灾难，大洪水,cata-1/fully完全彻底，catalogue（log说得很详细）；2/down向下，lys=loose=release，“地球完全释放能量“即为大灾难
catastrophe,灾难,astro-=aster=star：星星，星星掉下来
caterwaul,发出难听的声音；喧闹的抗议或抱怨,联想，er人像cat猫一样waul狼叫很吵
cavern,大洞穴，大山洞,cave，n可以想成nation那么大
cavil,吹毛求疵，挑毛病,cav-cap + il 抓毛病
cavity,小洞；腔,cave，ity可以想成城市大小，比nation小
censure,批评/严厉谴责,censor-发出的动作——谴责，批评
chant,圣歌，赞歌,谐音：唱它
chauvinistic,极端爱国的,联想，cha查u你v微信找你毛病
chrysanthemum,菊花,chry（cry）+san（三）+the+mum，，一个小男孩哭着送给妈妈三朵菊花
clandestine,秘密的，隐蔽的,联想，dest目标得在climb爬上去才能找到
clique,小团体,
clownish,小丑般的，滑稽的,
cluster,一束，一串,c-与包围/一起有关，a cluster of grapes
coalesce,合并,al-all，esce-逐渐，“逐渐所有都到一起”
cogent,有说服力的=persuasive,ag表示行动，cogitate是仔细思考的，能让人一起行动的-有说服力的，cogent evidence
cogitate,仔细思考；思考，考虑 on,～on sth，co-共同，一起。一起行动->一起思考；不及物动词
competence,权限,联想，想要一起com养宠物pet需要先拿到父母给的权限
complimentary,赞美的,联想，一起说com这个男的men很漂亮pli，赞美他
concatenation,级联,联想，nation国家的一种大家con对cat级连一起行动
concave,凹陷的,cave洞穴，con一起凹
conceals,隐藏,联想，需要发动大家一起con才看得见的
concede,承认，妥协让步,谐音，said说，一起说，承认；；cede-走，con走到一起，达成让步；<concession n.>
conciliatory,安抚的，调和的,联想，调解员con一起说着是是是（cilia谐音是哩啊）
concord,和谐一致,con，一起心都在一起
concrete,真实的,大家一起concreate创作的最真实
condemnation,谴责,国家nation一起con表达愤怒damn
condone,原谅，宽恕,一起con放下愤怒done
conductive,有益的，有帮助的,
confer,协商，授予,confer sb a degree，一起带来
confine,限制,需要一起con说fine才行的
confront,冲突，面对,面对面，be confronted with = be faced with
confrontation,冲突,
conjecture,猜测,大家一起扔思想=猜测
conjure,1请求，恳求；2do a magic 变魔术,《共同说好的誓言》（正式）
connotation,隐义,符号放在一起，意思就不一样了-隐义
consent,同意,共同的con-sense感觉
construe,理解,
contaminated,污染的,aseptic的反义词，septic-腐烂的，ta它们min这种小东西con一起过来破坏
contemplate,深入思考,temple，1寺庙；2太阳穴，一起去temple思考
contempt,鄙视,con一起temp临时t唾弃
contrasts,对比,
contrite,痛恨,联想，con一起tr尝试让evil邪恶的东西it走开，很痛很的东西才需要这么做
controvert,反驳,contra/counter-against
converse,相反的,（宗教信仰的改变）
convert,改变，转化，皈依,
convex,凸的,与 concave 一起记忆
convict,convict sb of sth 宣判某人有罪；证明有罪,vict-来自conquer 表示征服，在罪行前征服->宣判有罪；反：acquit
conviction,定罪，确信,convince，vict/vinc=to conquer victor
convoke,集合，召集，集会,喊到一起来
coping with,应付（敷衍）,
cordial,热心的，热情的,a cordial welcome，相当于 warm，
corroborate,佐证,联想，bor带来correct正确的东西来证明
counterproductive,适得其反,
covert,秘密的,源自cover盖住的东西
covet,垂涎，觊觎,与covert一起记住
cow,恐吓,公牛，母牛对人有威胁性
crabbed,脾气坏的,螃蟹脾气暴躁
criteria,标准,critic评判家们有一套标准
critical,挑剔的,same as captious，critic评论家很挑剔
criticizes,批评,critic评论家就喜欢批评
crumble,使粉碎，使崩溃,crumb面包屑
cumbersome,笨拙的,some有些人在cum的时候喜欢看bear熊
dabble,涉足，浅尝，小试身手,联想，da蛋蛋年轻来试着做ble
daft,愚蠢的,谐音大夫是愚蠢的
dampen,挫伤,谐音，蛋疼很受伤
daunting,令人生畏的,联想成龙拍戏各种受伤太可怕了
decadent,（思想）堕落的，颓废的；三俗的（庸俗/低俗/媚俗的）,
deceptive,欺骗性的,联想，de向下step前进，畏畏缩缩地走，不敢光明正大，带有欺骗性的
decimate,大批杀死,杀死十分之一，dec-10，mate伙伴
decline,衰退，婉言谢绝,dec-向下的line线
declivity,下坡,"a descending slope, -de 表示向下"
defer,推迟，延期（deferrable可延期的）,defer to顺从，服从，deference，de-down，fer-carry，把事情往下推-delay
deft,灵巧的，熟练的,形近词left左手熟练的，左手很灵巧的
deject,心境低落,"de-down,dejected=depressed"
demonstrated,展示，游行,拿着钻石到处说，到处展示；游行（demo-人，str街道，所有人都上街了，游行），
denigrate,诽谤,说反话，说龙妈丹尼很棒，怎么可能
denotation,意思，意义,de：1向下；2off；3.to加强（大多数
denture,假牙,给n你tu牙齿de反着用的
deplete,耗尽,dep深，left留下，挖矿挖得很深什么都没留下，耗尽了整个矿
depressed,凹陷的,de下press压，用力往下压就凹了
derogate,贬低,让别人de蹲下进门gate，贬低他
detain,扣留，关押,de-表示向下，保留下来
deteriorate,恶化,de进一步terriable变坏了恶化了；同义词：exacerbate，worsen；de-to，terior=terror + ate 变得越来越吓人
detest,痛恨,de-off+test
diagnosed,确诊,dialog分析诊断nose鼻子确诊了
dichotomy,矛盾的事物；一分为二,
dignified,凝重,dig深挖ni你的feel想法，氛围很凝重
dignity,尊严,dig深挖ni你的尊严
dilatory,拖拉,谐音，la拉to拖，就是拖拉
diminish,减少,联想，把地位di减下来min
disabuse,1纠正，改正2；消除错误观念,dis否定，否定滥用
disaster,灾难,aster:星星，dis否定，没有一颗星星
disburse,支付，付款,burse=purse，dis=1awat2否定，离开钱包
discard,抛弃，放弃,扔掉一些没有价值的东西，抓住card这个词，赌场中牌不好，所以抛弃
discern,识别，察觉,联想dis到处cern观察
discord,不一致,dis-apart+cord，心不在一起
disdain,轻视，鄙视,"same as distain, t->d=look down upon"
disease,疾病,联想，得病了不dis容易ease啊
dishearten,使……士气低落,dis否定hearten热情
dispassionate,冷静,
dispute,争议,dis分开put放表示不同意
dissemble,掩饰,dis-加强，semble=similar相似；dis-1not2apart3加强
dissent,不同意,感觉不dis-一样
dissident,反对者，持不同意见的人,dis表示apart，分开坐着
dissimulate,伪装,dis-加强
distain,贬低，诋毁,dis-表示否定
distinction,区别,
diurnal,白天的,di来自day
divergence,背离,往不同diver的方向做事gen
diversity,多样性,往不同diver的方向坐sit
divert,娱乐，转向,di-apart，走来了，转向的意思；联想 diverse/diversion 各种娱乐
divisiveness,分裂,di远离vis看七个siven不同的方向
divorce,离婚,"di-apart,vor-eat"
dogmatic,教条的,
dowry,嫁妆,结婚时给朵r - 花
draconian,严厉的,联想，让你ni很抓狂dracon
eccentricity,偏心,
echoes,回声（重复/模仿）,
economy,经济/节俭,
effervescence,液体的沸腾/冒泡,"fever逐渐发热,e双写辅音表示ex"
efflorescence,开花，繁花盛开的样子,
effluvia,（工厂排出的）垃圾，废料，废物,e=ex+flu流出，排出=垃圾
effluvial,恶臭的,effluvia很臭
effrontery,厚颜无耻=shamlessness,把脸放在前面，喜欢抛头露面，shameless，ex-ef相同
effusiveness,过分热情,
egoism,利己主义,ego-自己，egocentric，以自我为中心的
egotism,自大,
ejaculate,尖叫,"jac=ject=throw(可通过reject记忆),e表示向外的，声音扔出来"
electrocardiogram,心电图,electro，电；card心；diogram图
elimination,消除,把限制limit往外e丢
embargo,禁运令，禁令，禁商,有bar拦住去路go
emblematic,象征的，代表的,联想b不乐le马代表了什么
empathy,情感，同情=sympathy,em，en表加强+
emphasis,强调,
emphasizes,强调,
empirical,根据观察的或经验的,联想，能够em通过观察分析出价钱pirce
enamor,迷恋，着迷,en-to+amor=加强爱=迷恋，be enamored of 迷恋，特别喜爱
enchant,使陶醉,chant-唱圣歌，en加强，着迷
encomium,赞美,联想，为了en我i和u在一起con不断赞美
encountered,遭遇,
endorsement,背书/支持,联想，这人居然支持门后dor的色se男men
endow,（天生）赋予，天生赋予，捐赠,dow/don/dot=to give(donate)，en表示加强，加强
enfranchise,使自由解放，给予选举权,en-to，franch=French + ize
enmity,敌意,hostility，联想 enemy
enthrall,使着迷，迷惑,
equivocal,模棱两可的,equi-=equal相等的声音，声音很相近
erotic,挑逗的，引起人欲望的，色情的,来自于希腊神话中的爱神 Eros
errand,差事,run an errand 跑腿儿
errant,错误的，徘徊的，漫游的,词根err-1mistake-2wander/
erratic,无规律的,无规律地徘徊，乱溜达，同 irregular
erroneous,错误的,err-one-ous，一个错误还是错误
eschew,避开，远离；躲避，避讳,外出嚼口香糖；主要是宗教上，教会上的避讳
espouse,支持,e表示加强，spouse夫妻间相互支持
ethos,（团体的）气质，氛围，信仰等,
euphemism,委婉语,美好的声音，-sm
euphonious,悦耳的,eu-:好（优）
euthanasia,安乐死,
evoke,激起/唤起,"e-to,vok=vow=voice，喊出来=arouse ～ my interest in basketball"
exacerbate,恶化，变坏,ex表示加强-ate表示动词后缀，=变尖刻=恶化
exacerbated,加剧,
excavate,挖掘，出土,ex-向外，从cave里面弄出来
exemplar,典型,联想example
exigent,紧急地，急迫地,紧急ex出+ig-ag动
expansion,扩张,
exploiting,剥削；利用,
extent,程度,
extenuate,减轻（罪行）,ex加强，tenu=thin=薄瘦，使罪行变薄-减轻
extirpate,根除,ex拔除tired疲倦去趴pa
extrovert,外向，外向的人,与introvert一起记忆
facility ,设施,
factorization,因式分解,
fastidiousness,挑剔的，难以取悦的,fast-斋戒，斋节期间的人对吃很挑剔，breakfast打破斋戒
feasible,可行的,ible=able，feas=fac=fact元音和元音字母组合之间替换，s和c发生替换，a ～ plan
fell,下降,
ferrous,含铁的,Fe-铁
fertile,多产的（即可指农作物，也可以指思想/想法）,联想，fever很热烈的
fervent,热情的,
fervid,热情的,ardent同义词
fetter,束缚，脚镣,fet-feet + ter
fiend,恶魔，恶人,很像friend，有r->花的是朋友，没花的是恶魔
fiendish,恶毒的,
finicky,追求细节的，挑剔的,fin-fine：过于精细的
flagrant,臭名昭著的，明目张胆,“l”联想成掏粪的粪勺
flamboyant,炫耀的，浮夸的,火焰flame般的男孩爱炫耀
flay,去皮，剥皮，严厉批评,"flay a dog,flay the animal"
fleece,诈取，多收钱财,骗了钱以后就flee（离开）
fluctuate,波动，浮动,fluc-由波浪的形状联想，go up and down
flummery,假恭维,联想，假心心地拿着花fl来纪念memory你u
flush,脸红，冲水,blush
flux,时代变迁,
forgo,放弃美好的事物,for-之前，在之前走，先走一步表示放弃，forgo the earthly pleasure，放弃世俗的快乐
forsake,放弃（forsook，forsaken）,for the sake of 出于 …… 原因，为了某种原因而放弃
forswear,宣誓放弃,for放弃swear宣誓
fortify,加强,源自force
fortuitous,偶然,联想，it走for之前居然还能偶遇ou你u
fragrant,芳香的,r联想成一朵花
frenzied,丧心病狂,联想，这人疯了一直冻freeze着
frigid,冷漠的，冷的，冷淡的，性冷淡的,freeze冷冻，fridge 冰箱，It's frigid today.
fringe,边缘，刘海,美语用bang，反：center，b-f/k-g 发生通假
frustrated,沮丧的,联想，上街st了之后发现水果fruit涨价了rate很沮丧
fumble,摸索，翻寻,f-feel，f-翻寻
fungible,可替代的,联想，可以换其他基友gi一起玩fun
gabble,急速不清的说,speak unclearly and quickly
gallant,英勇的，骁勇善战,gall=胆汁，球是ball，胆是gall，胆大的
gambol,嬉戏，雀跃,来自game
gaunt,憔悴的，骨瘦如柴的,考GRE的姑姑很憔悴
gluttony,饕餮,七宗罪，中间是一吨的
grabble,夺取,
grandiose,宏伟壮观的；妄自尊大的,联想，dio迪欧很自大
gravity,稳重,
Greed,贪婪,七宗罪
gregariousness,合群,
grim,阴森恐怖的，严厉的（常指建筑物的阴森恐怖）,鬼G在前边rim真恐怖
guileless,正直的，诚实的,联想 guilt
gush,液体的涌出,gu拼音鼓出，gusher喷油井
harbingers,预兆,联想，能够猜出bingo的
herbivore,食草动物,herb-grass，vor-eat
hesitancy,不愿,联想，让他he坐sit坦克tan还不愿意
hierarchy,等级制度,hier-higher+archy-to rule(anarchy)更高层的统治
humble,谦虚的，卑微的,hum-hum 做人谦卑
hush,安静，小声,hush-hush 偷偷摸摸，鬼鬼祟祟，h-呼吸，安静
hydrophobia,狂犬病,恐水症
idiosyncratic,独特的,谐音idio想法idea很有syn同步创新crative性的
illuminated,阐明,
illustrates,说明,
impartiality,公正,
impediments,障碍,
imperceptibly,不知不觉中,im否定，per提前cap捕获，没法提前捕知道的
implacable,不能安抚的，毫不妥协的,
implemented,实施的,
impregnable,坚不可摧,im否定pre前面，联想，不能im在你面前pre发动攻势gn的
improvisation,即兴创作,vis看，pro提前，im+否定，没有提前看的
improvise,即兴创作,-vis 表示看 visible 可视的，例如 visit-vis: see，it: to go（边走边看），im 表示否定，impossible，不用提前看的
inane,无意义的，空洞的,in-否定，bane/wane/sane/arcane/inane，禁止做的是灾祸，弯下来的是减弱，三省吾身很清醒，弧形开头是秘密，变成in无意义
inapt,不合适的,
incapacity,无能力,联想：in否定cap抓，没法抓住的
incentive,刺激，激励,in表示里面，cent=cant=sing把力量唱到歌里-激励
incongruous,不协调,联想：gru格鲁in跟我们con一起的时候感觉格格不入
inconsequential,无关紧要的,联想：in没有按照sequence顺序con排列无所谓
inconsistent,不一致的,
incursion,侵入；侵犯,联想-随意进in出cu俄罗斯rs
indifferent,冷漠,
indispensable,不可缺少的,
indisputable,不容置疑的,
inept,无能的,ept=expert专家，in-否定
inerrancy,准确无误，准确,in表示否定，“不+错“
infant,婴儿,联想：婴儿刚出生in不能吹风扇fan
inferable,可推断的,infer-推断+able可
infringe,侵犯，违反,进入in边缘fringe，走进界限
ingress,进入,
innovative,创新的,in-加强nov新颖
insidious,阴险的，暗中危害的,in+sid+ious，坐在暗处的人
insouciance,无忧无虑，不操心,联想：cia可以从sou南边进入in不用担心被发现
instinct,本能,in-加强+stinct本能
insurmountable,不能战胜的,surmount:sur-on，mount-骑，sourmount=征服
intensification,集约化,联想：把四种财政fi都收归in十个ten人手中
intimate,亲密的,联想：享受in这一亲密的时刻tim
intransigence,不妥协,联想：in不接受往trans死里si干活gen
intransigent,不妥协的，固执的,联想：in不接受往trans死里si干活gen
intrepid,勇敢的,trepid，trep=tremble，发抖的-胆小的
introvert,内向,与extrovert一起记忆
intuitive,直觉,联想：直觉告诉他t和你u要往里in走it
invalidated,使无效,
invention,发展,联想：invent发明带来了发展
inverse,反面,与obverse一起记忆
invert,使倒转，使倒置，使颠倒,in-从里面vert转过来
investigation,调查,invest投资之前得先走ig调查流程
invoke,恳求,"in-加强,vok=vow=voice，加强向一个人喊"
irascible,易怒的,i-to+rasc来自erase摩擦，能跟他人产生摩擦的
irksome,讨厌,联想：容易irascible对某人some生气->讨厌他
itinerant,巡回的，游历的,it-go + iner-inner + ant，在一个范围内部走来走去-巡回的
jar,使……不安或冲突,联想：jar马上就变成war了，很不安
jejune,无聊的,联想：无聊的六月
jumble,混乱，混合,jum-jam阻塞造成混乱
keen,对……感兴趣的；犀利的，尖刻的；聪明的，敏锐的,谐音：能当上king的都是很聪明的
kindle,点燃,candle
knotty,复杂的,联想：kno知道他t很复杂
levity,轻浮，草率,lev=飞起来的人很轻浮
levy,征收（税等）,升起税-征税，levy tax on
lewd,下流的，好色的,谐音：露的，与lust同源
libel,书面文字上的诽谤,label 标签，文革“贴上罪名诋毁”
libertine,放纵的人,同源liberty，生活极度自由
liverish,易怒的,liver：肝，肝不好，肝火旺->爱急眼
loathe,痛恨,loath，憎恶的，形近词：lathe 车床
lobster,龙虾,龙虾坐在垫子上
lurk,潜伏，埋伏,"来自lower+k相当于lowerk，u,v,w通假可去掉元音lwrk--lurk"
lush,繁盛的，繁茂的,lux=thriving
Lust,色欲，色戒,七宗罪
lynch,处以私刑,读音很像凌迟
magisterial,权威的,联想：能够神奇地magic控制整条大街st，肯定是很有权威的人
malady,疾病,词中有“lady”，联想作“坏女人”
malediction,诅咒,联想：male-坏dict说，说坏话->诅咒
malefactor,罪犯,male-:evil
malevolent,恶意的,联想：male-恶意的说vol
malice,恶毒，恶意,malicious adj
malign,诽谤/恶性的,mali=male=诽谤的
malignant,恶性的,malignant tumor恶性肿瘤
manifest,显现,联想：mani-突出的东西在fest节日里显现了出来
manipulating,操纵,联想：要把这个突出mani的东西拉过来pul让我们能够操纵
marginal,边缘/微不足道,联想：想进入in火星mar的边缘
masquerade,伪装，假面舞会，化妆舞会,masqu=mask+er+（ade表示集合）
massacre,大屠杀,mass-大量，acre英亩，在一亩地种杀死
mastoc,吉祥物,戴面具的小动物，源自mask
mediator ,调解员,联想：媒体media的人要负责协调两边关系
meekness,温柔,联想：要温柔地对待你遇见mee的人
milk,牛奶，挤奶，榨取，勒索，欺骗,把所有东西都榨干
mingle,交织，混合,le表示动作的反复 ming=mix
minor,次要的,反义词：cardinal，源自min
miscellaneous,混杂的，各种各样的,mis=mix+cell细胞+aneous混杂的各种各样的细胞
mount,1骑上，登上；2增加（increase）,mount a horse，数字的攀升，mountain
mumble,私下抱歉，喃喃自语,妈妈m-mum嘟囔
muster,鼓起勇气，召集,muster up courage，=convoke，《must + er》
nation,国家,
neuralgia,神经疼,neur-nerve
nihilism,虚无主义,nihilist虚无主义者
nocturnal,夜晚的，夜的,noct-来自night，nocturnal activities
nostalgia,思乡，怀旧,nost-nest，想到自己的家心里就疼，或者用谐音，那是他家；algia-疼痛
notable,值得注意的,note-注意
notation,符号,note-笔记
notion,见解想法,
notoriety,恶名,被标注note出来日ri的人
notorious,臭名昭著的同flagrant,noted a.显著的
novel,新颖的,来自new
nullify,废除,使变为一纸空文
obeisance,尊敬，敬意,联想：对这个值得尊敬的人san很服从obey
obliged,有义务的,联想：有义务不让你ge哥进来里面li
obscene,淫秽下流的,不堪入目的场景，ob-相反，～ magazines
obsessive,痴迷,联想：众人都反对ob这种色se咪咪ss的表情
obverse,正面,与inverse一起记忆
occasionally,偶尔,联想，偶尔也会遇到这种场合occasion
offish,冷漠的，冷淡的,联想：钓完鱼就很冷漠了
ominous,凶兆的，不吉祥的,omin-omen
omnivore,杂食,omni-表示all，vor-eat
opaque,不透明的，晦涩的，难懂,op=ob=1加强2相反opposite，不像水那样->不透明
opprobrium,辱骂,联想：在你面前pro通过辱骂不断搞分歧br的
optimism,乐观,
ordinance,法令，法规,in->国家内部，在里面有命令 order
ordnance,大炮，军械,联想：对外用大炮施加命令
overlooked,被忽视,
overshadowed,黯然失色,
overt,明显的，臭名昭著的,covert反义词
overwhelmed,不知所措,联想：轮子whel完了over没了me不知道要怎么办了
pamper,溺爱（spoil）,单音节p与手掌palm有关，捧在手里去爱；近义词：dote
panegyric,赞文、赞美,联想：写一篇文章来赞美这个pan平底锅煮鸡蛋eg的能力
paramount,（登到山顶上）至高无上的，最重要的（派拉蒙电影公司）,para-表above“在上面”，联想paradise
partiality,偏袒,注意这里没有 im 前缀
particular,挑剔的,尤其特别的，熟词辟义，多强调对于食物的挑剔
partisan,党羽，游击队员,和party党有关的人
pastiche,【贬】模仿作品；混合物,联想：拙劣地模仿过去past的车车
peevish,易怒的,peeve-pervert 变态的特征，爱发怒
perch,鸟类栖息；位于高处,peak 在最顶端栖息，perch on
perfervid,十分热情的,同源fever发烧
peripatetic,巡游的,per-一直把各种ip都看来看去巡游的
perishable,易消亡的，短暂的,联想：每次发现就马上sha掉，一直per在干这种事，所以所有东西都很短暂就消亡了
perjure,作伪证，perjury,per-away+jure-swear 背离誓言
pertain,属于，关于,per=through，pertinent
pertinent,相关的=relevant,pertain 变形
peruse,仔细读，精读,per-through+use=一直用一本书-精读 peruse a book
perverse,不合情理的，不合适的,联想：一直per在反面verse肯定不合适
pervert,曲解，误传，变态,per=through 一直在改变
pestilence,瘟疫,前面是pest害虫->拍死它+il-ill+ence害虫所引发的疾病
philosophy,哲学,philo-爱，soph-智慧，爱智慧即哲学
phonograph,留声机,graph写，phone声音
phony,假的，骗人的,phone只听到声音的话就是假的
pivotal,关键,联想：pi的这一投票vot很关键
plausibility,似乎有理，能言善辩,联想：有这个能力bility去忽悠pian我们us
plucky,勇敢的,pluck采摘/勇气，联想lucky
plush,豪华的,同源lux，拼音p想成漂l联想亮的
polemical,争论的,联系：极端pole到小米mi都过来喊cal了，太具有争议性了
pore,毛孔,pore over sth=精读=peruse
pornographic,色情的,porn 黄片-pore 毛孔，～ industry 色情产业
porous,有孔的，透气的,
precarious,不安全的，不牢靠的，不稳固的，危险的（同义词：dangerous）,pre之前-car+ious车（car）前面很危险
precariously,岌岌可危,
precipice,悬崖,pre-前缀，cap->cip，什么什么头，陆地走到最前头，cip是cap的高频变体
precipitous,陡峭的，险峻的,precipice变词性
preside,1掌管2主持,pre-坐在前面的，preside over，president 总统，主席；大学校长，董事长
presumed,假定,联想 assume
presumptive,推定的,联想 assume
prim,呆板的，古板的,联想 primary 最初的
probe,查明，探索（into）,来自prove
proclivity,倾向 tendency,pro-foreword + bent + ity = tendency = inclination
profane,亵渎,谐音：泼粪
profess,宣称,
propaganda,政治宣传,联想：在台上宣称他敢打
prophetic,预言,prophet预言家
protagonist,小说，戏剧中的主人公,stand-in替身，extra群众演员，临时演员，跑龙套的人；联想：站在ta面前pro反对against邪恶的主人公
providential,天意,联想：上天tia提供provide
provincial,眼光狭隘的；乡下的,联想：眼睛看到vi面前pro的只有刺ci，眼光狭隘看不到其他东西
provoke,激怒，激起,在一个人面前大喊
putative,公认的，假定的,联想：put放下来这个假设后就开始说说说
pyre,柴火，火葬用的柴火,来自 fire
quiescent,静止的，quiescence 静止，反义：motion,qui-:quiet
quittance,赦免，释放,acquit，宣判无罪
rabble,暴民,rab-rob，打砸抢烧的人
reaffirmed,重申,
rebate,退还款,re-back 打回你的卡里
recant,撤回声明；放弃信仰,re-back，唱反调，改变论调，放弃信仰
recapitulate,重述要点，摘要,re-again 重抓一遍
recline,倚靠，斜躺,re-表示向后，身体向后弯
regard,尊重,
regress,后退，退步，倒退,re-back，-gress-走，to go，pregress 表示进步；gress=go(progress)
reimburse,报销，偿还,re-：back，return 钱重新回到钱包
reincarnate,使化身，使转世，使再生,re-再次，in-向里，再一次注入肉体carn
reinforce,加强,
reinventing,重塑,re-再一次invent发明创造，重塑重构这个东西
reiterates,重申（重复/模仿）,re-再一次it走同样的流程
relentlessly,无情地,re+lent+less，relent能够反复借给你东西，less不能反复借，无情
relinquish,放弃，勉强地放弃,re+link+ish作为动词
remorseful,懊悔的,re-再一次mo没有rose玫瑰，老是没玫瑰很懊悔
renounce,放弃（和 announce 同源）；宣布放弃,re-back(retire) + announce；（放弃权利或放弃信仰）
renovate,翻新,-nov=new，re+new，再一次变得新
repetitious,重复的,repeat
replicating,复制,用来replace的东西
reprobate,恶棍，谴责，反对,re-against反+prob（probity）+ate不正直的人-恶棍；联想：re反复在你面前pro打你bat
requite,报答,同：reward，re-back+quit(free)释放之后回来-报答
rescind,废除，取消,scind-联想 scissors剪掉，剪断，加强剪断->废除
resent,痛恨，憎恨,反（re）感（-sent）
resist,抵抗,反义词：capitulate
restive,不服管理的；不安的，没有耐心的；,re-否定st站着，不愿意听你的话一直站着
reticence,沉默寡言,reticent沉默的
reverence,尊敬,联想：第一个过河river的人ren很厉害值得我们尊敬
reverse,颠倒的，倒车,re-再一次vers=vern转动
revert,回到原来的话题,转回来，往回转
revile,辱骂，诽谤侮辱	,re再一次-加强+vile恶毒的->evil=恶言对待
revitalize,使……复活,复活他使他re再一次能够vi看和tall说的
revoke,收回，取消,"re-back,vok=vow=voice，喊回来"
rhetorical,修辞的,联想，这个修辞能够形容he他很像人or
riddle,难题，谜题,联想，想r认出这个id很难
ridicule,嘲笑，耻笑,联想，嘲笑他很ridiculous
rim,圆形物体的边缘,rim-ring
roost,栖息,联想，在根root处站着st栖息
ruthless,残忍的，无情的,ruth，怜悯，同情
sane,神志清醒的，理智的,源于 sound，反：insane，疯了
sardonic,嘲讽的，讥笑的,谐音：嘲笑他是傻sar东西don
scornful,轻蔑的,联想，轻蔑地嘲笑他只是s块肉泥corn
scratch,抓,用scr手抓catch
scroll,卷轴,"scr,cr多和手上的动作有关（注意，s在造词的时候无意义，只起到加强语气的作用）"
sector,部门,
sedentary,久坐的,保持长时间坐姿
sediment,沉淀物,坐下来的东西
sedulous,勤奋的，孜孜不倦的，聚精会神的,
seethe,激起，沸腾,see+the 看到冠词很激动
sentimental,感伤的，多愁善感的,sentiment，感伤，sent来自sense
shackle,阻碍,联想，杀sha掉这个阻碍的ac射手
sham,假,联想，看到这个假东西尴尬shame得眼睛e都没了
shaped,塑造,
shelter,避难所，保护,来自 shelt-shell 贝壳 + er -> 保护
shelve,倾斜；搁置，暂不考虑,1，来自shelf——放杂志的架子倾斜；2讲东西放在桌子上，反义词是consider
shield,盾牌，保护,同样来自 shell e-ie 发声通假变化
simulate,模仿,
simultaneous,同时的，同步的,
singularity,突出,联想，这个很突出的人天天说着辛苦啦singular
sinister,险恶,联想，光是站着st就让人觉得很邪恶sin
skeptic,怀疑论者,
skew,曲解，歪曲,联想askew
slander,口头上的诋毁诽谤,与 scandal 同源；谐音：死懒的
slaughter,残杀，屠宰；大屠杀,联想laughter，笑死s了，slay
slay,杀死，slew，slain,sl和slip有关，被杀死以后滑到的动作，或用谐音“死嘞”，同源：slaughter
slender,苗条,联想，腿很长len，身材很苗条
sloth,懒惰,相当于 slow+th
smother,闷死，使窒息,来自smoke，联想：武则天闷死女儿s+mother
sojourn,暂住,有了住的地方所以so可以去旅行
solitary,单独的,
soothe,安抚，使平息,~ the crying baby
sophism,诡辩术，似是而非的理论,soph=wisdom
sophisticated,精明的，老于世故的，（仪器）精密复杂的,一个人智慧过多，联想，这精明的人站着st看上去就很会诡辩sophism
spartan,有节制的，节欲的,斯巴达人节制的性格特点
specious,似是而非的,spec看着很像真的
spew,呕吐,sp表示发散；产生
spray,水沫，喷雾，喷雾器，喷射，喷,sp表示发散；产生
spread,传播，扩展,sp表示发散；产生
sprout,发芽,spout 喷出，一朵花”r”发芽
squabble,争论，争吵（小吵），发生口角,s-无意义，quabble联想quarrel
stabilizing,稳定,stable稳定
sterling,高质量的,联想，st站着的那个零ling质量很高
stigma,耻辱(disgrace),同disgrace，stig+ma（妈妈），宋朝往脸上刻字，stigmatic
strangle,吊死，扼死,来自string，string琴弦/细绳
stumble,踉跄，跌跌撞撞,st-站，站不稳
stun,震惊，使震惊,stun-stin=被人扎了一下，吓一跳，stunning news 令人震惊的新闻
subjacent,底层的，底下的,
subside,平静，减轻,坐下来，心情平复下来
subversive,颠覆性的,
subvert,颠覆,sub-底下、底层发生转变
sunder,分开，裂开,thunder 打雷，用雷劈开
superficiality,表面，浅薄,联想，super在上面，fici=face脸，表面上
superfluous,过量的，过剩的,super：1超级2on3more than过多，流得过多
supersede,代替，取代,super-on，sed=sit，坐到一个人头上，淘汰他
surmount,征服,sur-1on在上面2more多，此处表示“骑在上面”；
susceptible,易受影响的,联想，such如此accept容易接受的，易受影响的
sweetness,甜美,
swindle,欺诈,swindler 骗子
sympathy,同情,
symphony,交响乐,同时响起的声音
temperance,节制,联想，temp临时ran运动一下就好不要太激烈要节制
tenuous,薄的,tenuous evidence，不足的证据，The air is very ～ 空气非常稀薄
terrific,了不起,
theorize,理论化,
thrall,奴役，束缚,thr-3三个人都被绑在一起被束缚了，源自slave
thralldom,奴役，束缚,反义词：freedom
tractable,易管理的，易控制的,
transparent,透明的,
traverse,穿过，横穿,trans-表示穿过，从一边改变到另一边
trifling,琐碎,联想，跟树叶tree一样飞来飞去fly的，很琐碎的感觉
trim,修建，整洁整齐的,tree树在前边rim是修剪
trivial,琐碎的,跟树叶tree一样看着vi就很琐碎
truculent,好争斗的；言语刻薄的,联想，喜欢cue你骂你的
truncate,缩短,联想，缩短成猫一样短的
tumble,跌下跌到，（数字）暴跌,联想，t跳了再jump跳，跳得很低
tumultuous,喧嚣,很多mul牛在那里tutu撞来撞去很喧嚣的样子
typically,通常,
unappealing,没有吸引力的,un否定appeal上诉，没有上诉的吸引力
underlay,垫起，铺在底下,
undiminished,不减,
undisguised,毫不掩饰,联想，un躺在这个dis家伙guy下面
undoing,撤回,
unprincipled,没有原则的,
unqualified,不合格的,
unsettle,扰乱,
unwieldy,体积庞大而笨重的,
variety,种类,
venerable,可敬,联想，ven这个人er很可敬
veracious,真实的,"词根ver,veri表示true，veracity n."
verge,边缘,on the verge of 濒临……的边缘
verisimilar,逼真的，栩栩如生的,very-:true
versatile,多才多艺的，（事物）多功能的,vers-turn-ile表示易于...的，易于本领变化
vertex,顶点（数学）,与vortex一起记
vertigo,晕眩,边走边转
vexation,烦恼,
vexing,恼火,
vilify,诽谤,-ify动词后缀，联想，诽谤说看见vi他生病了ill
vocal,声音的，发声的,
vocalist,歌唱家,
vocalize,发声，说话,
vociferous,吵吵嚷嚷的，喧闹的，吵闹的,fer-=carry带来了声音
volcano,火山,
voluable,健谈的，话多的,vol声able很多，很会说话的
voracious,贪吃的 -acious表示多,vor-eat，divorce
vortex,漩涡，事情论战的中心,与vertex一起记
wages,工资,
waive,放弃,联想，啥都wait等待，等着等着就放弃了
wane,月缺，衰退，减少,拼音wan弯，反义词：wax增加，月圆，蜡
warble,低吟浅唱,联想，打仗了war在那小声唱歌
warranted,证明；保证,
waspish,脾气坏的,wasp黄蜂，马蜂，像蜜蜂一样
waylay,潜伏，伏击,
welter,杂乱的,联想，这个人自以为收拾得well其实很terriable杂乱的
wig,假发,联想，带着假发变扭wr边走ig
willingness,乐意,
wrangle,口角，长时间的争吵,wr+angle-角，“口角”
wrath,暴怒,谐音，老虎暴怒的时候会喊一声wra
wreak,生气，发怒，发泄怒火,
wrench,扭夺,联想，一边扭wr一边抢catch
wrestling,摔跤,
wriggle,（动物）蠕动，（人）身体不舒服而扭动,双写词尾表示动作的反复
writhe,（动作的）扭动,～ in pain，联想，一边写字一边扭，所以多写了个h
wry,讽刺的，扭曲的,
2022-07-19 学习,,
cauterize,烧灼（消毒或止血）；使麻木不仁,caut/caus=burn（谐音：烤它）
caustic,1:腐蚀性；2：尖刻的,～ remarks，烧完之后的感觉
barbed,尖刻讽刺的,barb：刺，倒刺。来自 beard，胡子很扎。扎人的感觉
trenchant,尖刻的,trench:沟，来自trans的变形，由沟的形状“尖的”
holocaust,大屠杀,holo-=whole，caus-=burn，完全烧死
censorious,挑剔的,审查员很挑剔
censor,审查员，检查，审查,电影上映前/书籍发行之前的审查
censorship,审查制度,
census,人口普查,sense-cens+us，感觉我们的数量
consensus,共识，意见一致,con+sense
cession,割让，转让,ion名词后缀，cess/ceed/cede=to go(通过access记忆)，走掉了的意思
antecede,先行，超越,ante:before；cede走，在前面走，所以是超越
antibody,抗体,
antedate,提前日期,ante:before
postdate,推迟日期,post:after
intercede,调停,"在中间inter-between走动,cede-走"
secede,离开，脱离,se=apart=separate，走开
recede,后退,re-back，往后走
precede,先于（时间上）,走在前面
precedent,先例,precede 的名词形式，nt
unprecedented,史无前例的,联想 un + <precedent>
accede,加入，同意,assent同义词，～ to do sth，加强走过去
chastise,严惩，惩罚,chast/cast：1pure纯净；2to throw，谐音“插死它”-惩罚
chasten,惩罚,
chaste,纯洁的，贞洁的,
castigate,惩罚，严厉的谴责,cast-pure+ig-ag-act使一个人变干净；联想：cast+i+gate把我扔到门口
caste,等级制度【印度】,谐音：卡死他，或者印度的等级制度（要求血统纯正）
cast,扔，掷；铸造,
overcast,阴天的，忧郁的,扔在头上一片阴霾
downcast,沮丧的,参考：dejected《心情下落》
outcast,被逐出的（人）,
recast,更换演员，重造,re-表示重新+cast铸造
chauvinism,侵略主义；沙文主义，极端爱国注意，盲目爱国心,来自尼古拉沙文；male chauvinism，大男子主义
jingoism,金戈主义，是英国沙文主义的别称,
chivalrous,有武士风度的，侠义精神的，有绅士风度的,val=1value;2strong，chi保持有一种强壮val的精神，chivalry n
cavalier,骑士,
cavalcade,骑兵部队,ade，名词后缀，往往表示一个集合
convalesce,恢复,esce-逐渐……逐渐强壮一起来，val表示强壮
convalescence,恢复,名词形式的 esce
valiant,英勇善战的,val-词根，强壮
valor,英勇,valorous a.
invalid,病人,不强壮的-病人，in-否定，val-强壮
knight,骑士,夜间行动
knightly,骑士风度的，侠义的,
choreography,舞蹈,chore=dance\sing
choreographer,舞蹈家,chore=dance\sing
choir,唱诗班,chore=dance\sing
chorus,合唱，合唱队,chore=dance\sing
cinder,煤渣，灰烬,coal煤，Cinderella 灰姑娘
incinerate,焚烧,in+词根+ate，则in表示加强，“使之成为灰”->焚烧
circumlocution,累赘的陈述，委婉曲折的说法,circum-表示绕着圈，log/loqu/loc=speak（dialog协助记忆），绕着圈儿说
elocution,演说，演讲,
interlocution,对话,
colloquy,谈话，闲谈,一起说，co+辅音双写=con-
soliloquy,自言自语，独白,soli-solo，单独说
obloquy,诽谤，诋毁,ob-against，说相反的话 calumny
eloquent,雄辩的，口才好的,
clairvoyance,透视，洞察力,-ance表示名词没啥用，clair=clear，voy=vis=see“看得很清楚”，洞察力，敏锐
clement,（人）和蔼的，仁慈的，（天气）温和,clemency n.，-ent 表示形容词词尾，clem 和 climate 有关
inclement ,恶劣的，严酷的,in-否定+clement
coffer,保险箱,
coffin,棺材,
ruminate,沉思，仔细思考 on,rumin谐音想得“入迷”
chew over,仔细考虑,
deliberate,故意的，深思熟虑的，仔细考虑,deliberately 故意地，liber--（Libra：天秤座），de-表示加强，用天平衡量一个事情->仔细考虑
colloquial,口语的，通俗的,~ language，白话，～ style 口话的风格，通过 colloquy 记忆
coltish,轻佻的，难以管束的,轻佻的，不受拘束的，小马似的，colt表示小马，-ish 表示像……似的
colt,小马,c-call喊叫的是小马
molt,脱毛，换羽,m->mao毛是脱毛，fledge 长毛（会飞的翅膀边上长毛）
dolt,傻瓜,来自dull，呆的是傻瓜
jolt,颠簸,j->journey，旅途有颠簸
bolt,门闩，迅速逃离，逃跑,b-bar-木棒上门闩，扒开门闩拔腿就跑
combustible,易燃的,com+bust-burst=burn，+ible，放在一起能燃烧
combustion,燃烧 n.,spontaneous（自发地）combustion 自然
inflammable,易燃的,
flammable,易燃的,
nonflammable,不易燃的,
ignite,点燃,一根（i+g）蜡烛点亮了黑夜nite->night
commensurate,相称的，相当的，相当于，～with,mensur=measure，共同的尺寸
consummate,使圆满，圆房,一起com达到summit顶峰——完美
commemorate,v. 纪念,
tantamount,与……相等的,中间有一个amount，“数量相等”，tant--=as much as；be ~ to
congruent,全等的，一致的,"gru-来自agree，con+gru（gree）+ent一起都同意,一致"
congruity,全等，一致,congruent，名词形式
2022-07-20学习,,
complacent,自满的，得意的,plac=please，满足
complaisant,讨好的，顺从的,
conciliation,安抚,con+cil-call+ate，朋友一起给你打电话安慰
conciliate,安慰,con+cil-call，朋友一起给你打电话安慰
reconcile,和解,re再一次con一起call说话
supercilious,高傲的，无礼的,在上面大喊大叫-无礼的
condiment,调味品,cond=hide，藏在菜肴里的
seasoning,调味品,
season,加调料；季节,
abscond,潜逃,ab-away，cond-hide，离开并且藏起来
recondite,深奥的，难懂的,re反复的cond藏，藏得很深——深奥的
confide,委托，倾诉，信赖,fid=to believe(通过confident记忆)，confide in sb. 向某人倾诉
confidant,密友,最信得过的人
diffident,缺乏自信的,dif-dis- 相反，否定的意思：反义词 confident
perfidious,背信弃义的，不忠的,ious形容词后缀，per-away，远离信任
defy,不服从，违抗,联想 deny，否认 —— defy 违抗
defiant,不服从的,
perfidy,背信弃义,
fidelity,忠诚,反义：infidelity
connive,默许，密谋,connive with sb to do something，con在一起，nive=wink，一起使眼色
blink,眨眼（两只眼睛一起眨）,
wink,使眼色（眨一只眼睛）,～ at
collaborate,勾结，暗中合作,col一起labor劳动
elaborate,精心制作（的）,e+labor 做出来 —— 精心做
constrict,压缩，收缩；限制，束缚,strict/strain=tighten，“一起拉紧”
restrict,限制,任何前缀，围绕strict/strain都和限制/束缚有关
astrict,束缚，收敛,a-加强，加强拉紧
astringent,止血剂，收缩剂,
restrain,抑制，限制,
restraint,约束力,
latitude,纬度，言论自由,联想，各个维度的人都可以发表
straiten,使贫穷,手头紧
contiguity,接触，接近，临近,the ~ of A and B，词根 tig=tang/tact=touch，一起con+接触tig+uity
tact,机智，圆滑,接触人的手法
intact,完好无损的，原封未动的,in-not，没有被摸过的-完整的
tangle,纠缠，缠绕,le表示动作反复，摸来摸去，缠得乱七八糟
entangle,使卷入，纠缠,en-表动作的加强
tangible,可触摸的，有形的,可以摸的，tang=tact接触（可通过 contact 记住）
intangible,无形的,～ assets 无形资产
contagious,传染的；有感染力的,（接触性传染）
contagion,传染,
proximity,n. 接近,～ to，同源 approximate（大概的，接近的）
contumacy,拒不服从，倔强,近义词：coltish，defiance，tum=肿胀，膨胀（tumor），con-加强+tum膨胀，性格膨胀-不服从
contumely,傲慢无礼，自傲,
tumid,肿的,
tumult,骚乱，动乱,tum+out（ult）外面社会膨胀-社会膨胀
conundrum,谜语,谐音：可难琢磨；con一起被蒙un-in在鼓里drum
enigma,谜，令人费解的事物,一个“妈”->是个谜
dogma,教条，教理,dog+ma教条
ignorant,无知,联想：enigma 发音
enigmatic,谜一样的,
coward,懦夫,被两头牛吓住的
skpeticism,怀疑主义,skeptical a.，<s+kept+ical 对于任何事情都有保留——怀疑>
evict,驱逐（建筑房屋内依法驱逐）,e-out，vict-conquer 征服出去
evince,表明,vince 一般是想法上的征服（通过convince记忆，使相信）将意思表明出来
vanquish,征服,vanqu-vinc
invincible,难以战胜的,
convivial,欢宴的，欢乐的,con+viv/vit=life，vivid/vitamin，“生活在一起的人，吃饭都在一起”->欢宴的，convivial freind 酒肉朋友
vivacious,活泼的,acious表示什么东西很多，viv+acious 多
vivify,使活泼，使生动,ify动词后缀，及物动词，使……怎么样
vital,攸关性命的，致命的，重要的,
vitality,活力,
vitalize,使有活力，赋予生命，鼓励，激励,
vivisection,活体解剖,section 表示部分，活着的一部分->生命成分一个个部分
coop,鸡笼，拘禁在小空间里,联想loop，铁圈变弯，变成笼子，c表示包围的感觉，coop sb .up 监禁在狭小空间里，imprison
incarcerate,监禁,in+car监禁在车里
corporate,法人的，共同的，全体的,corp=body，corporation
incorporate,1体现=embody；2合并=amalgamate,一个公司进入另一个公司中，注意构词规律：in+词根ate，作为动词，则in表示加强
corpulent,臃肿的，肥胖的,corp+pull+ent拖着身体——身体肥胖
corporeal,肉体的，有形的，物质的,反：1spiritual；2immaterial；3disembodied；4intangible
corpse,尸体,
corps,特种部队,corpse少了e，不需要眼睛就能做很多事情
coroner,验尸官,在尸体cor(p)上on做事的人er
cosmic,宇宙的,cosm-=universe，～ beings 宇宙人
cosmos,宇宙,
cosmonaut,宇航员,
cosmopolitan,世界性的，世界主义的，四海为家的,polis/polit=city (通过metropolis大都市或者politcy来记忆)，似宇宙宽广的城市
insular,岛屿的，狭隘的；孤立的；守旧的,peninsular 半岛；联想，in在一个小岛上住宿su
craven,懦夫，胆小鬼，怯懦的,cra看成cry一个人进山洞cavern就害怕哭了
cringe,畏缩，谄媚,联想cri-cry+nge 害怕所以大哭
crusade,十字军东征（crusades），改革运动,大写才是十字军东征，小写是改革运动，crus=cross 十字架，ade-名词后缀表示集合
crucify,折磨，使痛苦,将耶稣钉在十字架上
excruciate,使痛苦,ex-to+cruc-cross+ate
crucial,关键的，至关重要的,cruc-=cross，在人生的十字路口很关键
crux,关键点，要点,
curt,简短而草率的,通过cut来记，被截短——简短，a ～ answer 简短的回答
curb,路缘，抑制，阻碍,联想：car不（b）让走了
goad,赶牛棒，激励,联想good
cynic,犬儒主义者，愤世嫉俗者,cyn-dog
cynical,愤世嫉妒，怀疑的（unbelieving）,cy哭着cal喊着痛骂ni你们的那种人
cynicism,犬儒主义,
canine,犬科的,～ teeth，犬齿/犬牙，ine后缀一个意思什么科，像什么一样的；联想：很会咔咔吃的
dally,闲混，调情 with,联想 daily，虚度每一天
flirt with sth. ,不认真对待,联想：随便往天空上丢一丢就完事
dearth,缺乏,the ~ of 缺乏，<联想 death，都死光了很缺乏，来自 dear，物以稀为贵>；越缺dear越说
paucity,缺乏，稀缺,来自 pauper -> poverty -> 乞丐，乞丐很 poor
scarcity,缺乏，缺少（scarce，scant，scanty）,来自于 scar 刀疤，缺少一块肉
deficiency,缺乏,反义：sufficient 充足的
plethora,过剩，大量,同源 plenty，ple->plenty
glut,大量,联想 glutton
scad,大量,
debris,碎片，残骸,de-to，br表示分开，break，space debris 太空垃圾
decipher,破译，解码，解密,de表示off，相当于 decode
cipher,密码,有 cipher 更 safer
encode,编码,
deduct,扣除,duct/duce=to lead（通过：introduce，conduct 记忆），往下 de-down 引导 -> 减去
deductible,可扣除的,
abduct,诱拐，绑架,ab-away，引导离开，带到很远的地方，～ women and children
duct,导管 ,tear duct 泪腺，aqueduct 水管，viaduct 高架桥，oviduct 输卵管
ductile,有延展性的,-ile结尾表示易于……；容易被引导的
adduce,举例，印证；引用……证明,ad-to，duce用例子引导-引证；联想，加到uc+浏览器书签中以便笔记引用
seduce,勾引，色诱,se=separate，把某人带进来，～sb into doing something
induce,劝诱,用言语诱惑，劝一个人进去，“来到我们公司”，~ sb to do
traduce,诽谤，诋毁 = calumniate,tra=trans，将一个人带到一边去诋毁，“跟我出来一下”
conduce,有益于（to）,同 contribute to 有助于
default,默认值，疏忽职责，拖欠债务,de-to+fault，错误：不还钱，不履行责任，fall/fals=mistake
fallible,容易犯错的，易出错的,
infallibility,一贯正确,
fallacy,谬论,ny，cy，ty都是名词
falsify,篡改，伪造,fals=false，使之错误，故意改错，ify动词后缀
falsehood,1错误；2虚假，不诚实，欺骗,hood是名词后缀，没啥意义；
deify,神化，奉为神明,dei=god，神
deity,神，神性,
hallow,奉为神圣,"holy 神圣的, Halloween 万圣节"
lionize,崇拜，看重,狮子万兽之王受到崇拜
revere,敬畏，崇敬,reverence，re-again+vere=fear，害怕；联想 severe，敬畏一个严厉的老师
venerate,崇拜，尊敬,veneration
esteem,尊敬,反义：stigma 耻辱；ee眼睛，st站着，站在那里看着他充满着无限尊敬
fetish,神物，癖（疯狂的崇拜）,feet，恋脚情节
fetid,恶臭的,fet-feet + id 脚恶臭
deleterious,有害的,delete删除“删除有害的”
indelible,难以磨灭的，难以忘记的,in-not+del-delete+ible，不能被删除的
detrimental,有害的,de-not+trim，不整洁的--有害的
delineate,描绘,de-to+line+ate，用线条描绘
depict,描绘,pict=picture，“用图片描绘”
recount,叙述，讲述（=relate）,
delinquency,行为不良，罪（一般指青少年的犯罪）,de-negative+linqu-link+ency 与消极事物有联系 - 犯罪，juvenile delinquency 青少年犯罪
juvenile,青少年的,同源 junior
rejuvenate,返老还童,re再一次年轻
delirium,1精神狂乱；2狂喜,de-neg+lir-lure- 不好的诱惑-导致疯狂
delirious,精神狂乱的,de-neg+lir-lure- 不好的诱惑-导致疯狂
demented,疯狂的，精神错乱的（由于痛苦经历而导致的）,de-neg+ment-mental，精神出错
deranged,疯狂,顺序出错——疯狂，range顺序
frenzy,疯狂，极度兴奋,freak 疯子，怪胎
deluge,洪水，豪雨，泛滥，淹没,de表示向下，lu流下来；词根 lu-/lau=wash，如laundry洗衣房
dilute,稀释，冲淡,di表示分开，分开冲-冲淡
dilate,膨胀，扩大,联想dilute稀释后就膨胀了
lavish,浪费（的）,花钱如流水的
lave,沐浴,
lavatory,厕所，盥洗室,ory如果是名词，表示地点，场所
demarcate,划分界限,de-to+mark+ate，去mark一下
immaculate,无瑕的=spotless,spot点；im-not 没有，mac-mark 记号=无瑕的
maculated,有瑕疵的,
demur,提出异议，反对，抗议,de-not+mourn默哀 —— 不再沉默 —— 抗议
demure,端庄的，严肃的,de-to，mure-mature，成熟的女人很端庄
decry,1抗议反对；2严厉谴责,de-to+cry 喊，大喊——反对抗议
descry,看到，远远看见,来自describe（描述）之前的动作，描述之前得先看到
deprecate,1抗议，反对；2谴责,联想 depreciate，抗议贬值
depreciate,贬值,preci-=price，appreciate 增值
denunciation,谴责（公开的）,denounce 谴责，de-neg 词根 nounce-claim，宣布不好的事情
enunciate,1阐明（illuminate）elaborate on；2发音表达清楚（articulate）,
pronounced,显著的，突出的,
deport,举止，驱逐,de-off 离开，port 港口（通过import/export等记住），离开港口，驱逐
deportation,放逐，驱逐出境,
deportment,风度，举止,port 表示 carry
portable,便携的，可携带的,能够运输
potable,可饮用的,pot（锅/壶），可以装在壶里的
disport,玩耍，嬉戏,所有的体育比赛sport都是从玩开始的
 destitutaion,穷困，缺乏，贫穷,stitute/sist=stand
destitute,赤贫的,de-down + stitute 站在最底层的人 —— 穷人
prostitute,妓女,站在前面的一排人
prostitution,卖淫,
restitute,偿还，归还,(return)，re-back 站回来
superstition,迷信,超越一切站在真理上面的东西 —— 迷信
subsist,靠……为活（吃），以……为生,～ on fish = live on fish
desist,停止，终止,～ from，de-to + sist——站着不动——停止
impoverish,使贫穷,im-to+pover-poverty+ish，加强贫穷
penury,贫穷，贫困,联想penny，一便士，一分钱
aggravate,恶化，加重,grav=重，ag加强，ate后缀，加强变重；a双写表加强，加+重（gravity）
ameliorate,改善，提高,（=improve），a-not，mel=male，表示坏，没有变化 —— 变好；联想，爱买伊利提升钙
deter,阻碍，吓退(=curb),～ sb from doing sth，<de-to+ter-terror>，吓唬住——震撼，阻碍
deterrent,阻碍物,deter派生
detonation,爆炸,ton-thunder，像一声炸雷——爆炸；ton-吨
dexterous,灵巧的，惯用右手的,dextr -> 右
dexterity,灵巧，敏捷,
diatribe,抨击，谴责，谩骂,dia=across/between，tribe 部落，tri 表示三->三国之间 —— 抨击
eulogy,颂词，悼词,diatribe 反义词
accolade,赞扬,col-collar，奖牌挂在领子上
acclaim,称赞，喝彩,ac-to+claim-to call 不断叫好 —— 喝彩
exalt,赞颂，歌颂,ex-to+alt-high alter n. 神坛 altitude n.高度，将一个人捧高
extol,赞美,ex-to，tol-tall 抬高一个人 —— 赞美
laud,赞美,联想loud大声赞扬或者Lord
eulogize,颂扬,eu表示美好的东西
commend,公开赞扬,联想 comment，recommend 推荐
compliment,赞扬,～ sb. on sth.；我（i）赞扬，e补充
complement ,补充,我（i）赞扬，e补充
didactic,教诲的，说教的,联想：did+act 指导人去行动的 -> 说教的，doct-teach(doctor)，di-apart，分开教导-说教
doctrine,教条（=dogma n. 教条）,
docile,顺从的，听话的,ild-易于……容易教的
dilapidated,要坍塌似的，荒废的，年久失修的,di-表示分开，ate表示动词后缀，lapid=stone，石头分开了，砖头瓦块的脱落
restored,修复的，已经修复完成的,
lapidary,宝石工，加工宝石的人,lapid=stone
derelict,弃置的，破旧的；玩忽职守,de-to+relic-relinquish，加强放弃-弃置
decrepit,衰老的，破旧的,de-not+cre-create——人不再能创造——衰老
dilettante,业余艺术爱好者，业余艺术爱好的,来自 delight，联想 “带了忐忑” 的是业余爱好者
amateur,业余爱好者,
disciple,信徒，弟子，门徒,形近词：discipline，徒弟要守纪律；谐音 disci -> 弟子
apprentice,学徒，门徒,ap加强，不断去实践 practice 是徒弟
discompose,不安,pose=to put摆放（通过propose记忆）
compose,创作，组成，镇定,
composure,镇定,
decompose,腐烂，分解,de-否定
repose,休息，安睡,
juxtapose,并排放置,juxt=join(junction)，连接，连在一起放
depose,罢免,往下放 -> 下放，及物动词
transpose,改变位置，改变顺序,
superimpose,叠加,impose 强加于
disillusion,醒悟，幻灭，对……大失所望,lus/lud=play
illusion,幻觉,ill的人产生幻觉
delusion,幻觉,lus=play，参考 disillusion
prelude,前奏,在前面play
coda,尾声,
postlude,尾声,
interlude,间奏,
collude,勾结，密谋,一起演戏=勾结=connive
allude,偷偷提及，暗指（to）,<加强al-to+lude一直在表演，不直接讲>
elude,躲避，规避,e-out去外边玩，回避
eclusive,躲避的，晦涩难懂的=recondite,～ meaning
delude,欺骗（deceive）,de-加强，加强演戏，“你就在那演吧”
disposed,有……倾向的,be ~ to do sth=be willing/ready/apt to do
dispose,处理,
disposition,1性格，性情；2陈列,pose是摆放，dis分开放
indisposition,小病,in-否定，性情不好-不舒服-小病
predisposition,倾向（强调喜爱）,same as proclivity；
orientation,倾向，适应,ori=begin 如 origin；sexual ~性取向，political ~ 政治倾向，religious ～ 宗教取向；be orientated to 适应=adapt to
disseminate,散步，散开，传播,dis-apart，ate-后缀，semin-seed，四处撒种子-散布
semen,精液，精子,词中有一个men，色男人
inseminate,使受精,加强结构：in加强+词根+ate；artificial insemination 人工受精
seminar,研讨会,传播知识的地方
distraught,不安的，发狂的，心神狂乱的,动词：distract
distract,无法集中，分心,dis-apart，tract-=draw 拉，通过attract（吸引）记住
contract,收缩，合同,
extract,提取，拔出，摘录,
subtract,减去，减法,
retract,收回，取消,re-back，拉回来
detract,贬低，贬损,de-down，拉下来；当de-与sub-与相同词根构词的时候，de-表消极
protract,延长,向前拉伸
intractable,难以管束的，难以驾驭的,拉不住的
divestiture,剥夺，脱衣,
divest,剥夺，脱衣服,脱掉黄马褂，使衣服离开自己 ～ sb of sth
vest,马甲，赋予,
travesty,拙劣地模仿,东施效颦，tra-trans+vest=穿别人的背心模仿
transvestite,异装癖者,
invest,投资，赋予,
don,穿,on
doff,脱下,off
strip,剥夺，脱衣服,stripper 脱衣舞演员，strip sb of sth
deprive,剥夺,de-=off，prive=privat，不再使之私人拥有
doodle,涂鸦,doodle is a doddle
doddle,轻而易举的事情,something is a doddle，same as easy
dawdle,闲荡，慢吞吞地做事,dawdle over sth，不及物，慢吞吞地做某事；daw=down，做事消极的感觉
dwindle,逐渐减弱减少,自信心逐渐减少，“dw“ 字母组合取自 down，风wind逐渐下来了
dwarf,侏儒，矮子,
dwell,定居,~ in beijing，定居在北京；= live in；city dweller；dwell on 表示阐明，解释说明
2022-07-21 学习,,
dormant,睡眠状态，静止的，休眠,与dormitory（宿舍）同源，dorm=sleep；～ volcano 休眠火山，active volcano 活火山，extinct valcano 死火山
hibernate,冬眠,n. hibernation；<hi + ber-bear+ate>，联想：熊在高山上冬眠
slumber,睡觉,完全等同于 sleep；睡着sleep的熊bear
dote,溺爱,~=pamper；逗他，a doting mother 溺爱孩子的母亲
indulge,溺爱，放纵，沉溺于，纵容，迁就，肆意从事,在心里in爱得像dull傻子一样
indulgent,纵欲的，放纵的，溺爱的,in-not+dul-dull（乏味）+ent，不再乏味的生活，放纵
cosset,宠爱，溺爱,cos-=con-，set=sit，把你包围在中间坐
coddle,溺爱，娇惯,亦可mollycoddle，cut掉ddl截止日期无限满足
douse,用水熄灭，弄湿,反：ignite 点燃，谐音:抖水
souse,浸透,联想：sauce（酱油里/腌制），泡在酱油里
sauce,酱油，腌制,
drab,土褐色的，单调的,记：dry+b，干巴巴无趣；螃蟹（crab）是土褐色的，单调
monotonous,单调的,<mono-single（monologue独白） + tone（音调） + ous>
dreary,乏味的,dry+ary（形近词：dream乏味的梦）
tedious,冗长乏味的,词根ted=tend，表示张开（extend），拉得很长
humdrum,单调的,联想：hum-human+drum，只有一个人在打鼓 —— 单调
drawl,懒洋洋地说，慢吞吞地说,draw——拉长说，慢说
brawl,争吵，打架,br-分歧，争吵源自于分歧
sprawl,蔓延，蔓生，张开四肢的平躺,sp- 表示发散
scrawl,乱画，涂鸦,scr-表示手上的动作，用手scr制造原生态raw的画
drudge,做苦工的人/做苦工,来自drive，开车很辛苦；谐音：抓举——辛苦
toil,苦干,toilet扫厕所很辛苦，～ to do
fag,吃力地工作，苦工,来自fact中的fac-fag
smudge,弄脏,记：smoke
grudge,怨恨，不满，吝啬，妒忌，勉强给，不情愿做,～ doing，<gru--表示心情不爽>，联想:怪你gru给狗dg吃太多
trudge,跋涉，艰难前行,trud=trans=across，跨越，穿越
ebullience,沸腾，热情洋溢,斗牛比赛中，牛bull出来，e.观众沸腾热情洋溢；源自 boil
exult,兴高采烈，狂喜,记：考试 result 结果出来 exult 兴高采烈；xult=sult，往外e跳leap
exultant,兴高采烈的，热情洋溢的,
exuberant,茁壮成长的，兴高采烈的,源：uber-=fruitful；uber=uper，不断向上长的；
luxuriant,茂盛的,
exhilarate,使高兴，使兴奋，使喜悦,
hilarious,高兴的，令人捧腹的,hilar=glad，见到希拉里（Hillary）很高兴
elicit,套话，诱出，引起,e表示向外，lic=lure 表示引诱（delicious）；elicit a secret from sb
licit,合法的=legal,联想license
illicit,不合法的,
license,执照,有执照就是合法的
elope,私奔，逃走,e表示往外，lope-=run 跑(leg)
lope,大步慢跑,
interloper,干涉者，闯入者,inter-between 跑到中间的一个人
gallop,马的（飞奔，疾驰，快跑）,
eminent,显赫的，杰出的,e-表示向外，-ent表示形容词后缀，联想：min-mini：小人物突显；min-突出，来自 mountain
eminence,卓越，杰出，显赫,
prominent,显著的,往前突出
preeminent,卓越的,
imminent,即将发生的，迫在眉睫的,im-=not，还没有出现，即将突出，imminent disaster
renowned,卓越的，显赫的,re表示反复，now现在，-ed后缀；现在反复出现的，很有名
emollient,柔软的，润肤剂,e表示加强，moll-=soft，“被磨软”，mill碾磨；谐音：一抹脸的
mollify,使软化，使平静，安慰,让一个人的情绪软下来
demolish,1拆除，拆迁；2摧毁（destory）,de-to+mol-mill=把所有东西都磨碎——摧毁
demolition,拆迁拆除,
devastate,毁坏，摧毁，严重破坏；使……痛苦,de-to+vast-=waste，表示垃圾或废墟，使某地完全变为垃圾
enervate,削弱，虚弱,同义：attenuate；e-off+nerve，除去神经->没有精神
debilitate,虚弱，衰弱,de+ability+ate 表示能力的下降
enfeeble,使虚弱，衰弱,
feeble,虚弱的,联想feel，感觉不（b）到的，feel feeble
ensue,跟着发生，继起,sue-=sequ-follow，en-表示加强；
due,应付的，到期的,due day 预产期；overdue 过期的
sue,上述，起诉（经济方面）,拼音：su诉->上诉，～ sb for sth
cue,暗示,core在心里的，不说出 —— 暗示
hue,色调，色度,拼音：hu湖光山色——色彩，色调
rue,后悔,"~=regret；拼音：ru如->""如果""再有一次机会——后悔"
entomology,昆虫学,tom=cut，如atom原子->不能再分了，“加强切割去研究”，本词：切开研究的东西，insect
anatomy,解剖学,一个（an）原子（atom）是解剖
epitome,摘要，典型,epi-表示在上面，在上面切开，翻开书的第一页——摘要，epigraph
dissect,解剖,dis-apart 切开，sect-=cut
bisect,将……一分为二,sect- = cut
intersect,横切,inter-between，在中间切断
segment,部分,g与c发声通假
scissors,剪刀,cis-/cid- = cut
incise,切入，切开,向里切
excise,切除,向外切
concise,简洁的,一起都给切掉了，切没了，切干净了，言辞表达上的简洁
incision,切口，伤口,源自 incise
suture,缝合,源自 sew 缝，联想树突的作用就是交流缝合两个细胞
incisive,直中主题的，一针见血的,cis- = cut，直切主题的
tailor,裁缝,tail- = to cut
retail,零售,re-再次切开，批发去卖
curtail,（费用上）削减,~ your spending；联想：cut tail
entail,使……必须，需要,通过 detail 详细去记住，细节很必须，必须切掉了，必要；～ doing sth.
environ,包围，环绕,environment
environs,郊区,同义：suburb=outskirts，环抱在周围的
epidemic,流行的，传染的，流行性的,epi- 1on上面；2among；3behind；在人们之间流行的
democracy,民主,demo-: people
prologue,开场白,Pro 普罗米修斯 Prometheus prologue
epilogue,尾声,Epi 埃庇米修斯 Epimetheus epilogue 尾声
endemic,地方性流行性的,en 表示加强
pandemic,大范围流行性的,前缀pan=all，Pan-American（泛美的，全美的）
demography,人口统计学,demo-人，graph-写；同义：population
equilibrium,平衡,联想equal，Libra 天平，天平两边相等
equable,（人）温和的，稳重的,性格平均——不温不火
equitable,（事物）公正的，正当的,
iniquity,不公正，邪恶,in-not，iqu=equ
disinterested,公平的，公正的,dis-apart，兴趣平分 —— 公正
etch,蚀刻,et-eat 表示吃 —— 腐蚀
efface,擦除，抹去,ef-ex-=off+face 除去表面 —— 擦除
deface,损伤表面,脸先摔到地上
facet,1小面；2方面=aspect,et表示小，“小脸”；；et/ette/let结尾，名词后缀，一般跟小有关系
facetious,嬉皮笑脸的，好开玩笑的,joking inappropriately，反义：serious 严肃认真的；ious 充满了什么什么，充满了脸->嬉皮笑脸
facade,建筑物的正面,face+ade 所有的面集合在一起
euphoria,精神欢快，欣快症,eu-表示好，phor=fer，（aphorism）带来美好
bliss,极乐（blithe）,上帝保佑bless你很快乐
glee,高兴,同源glad
mirth,高兴,同源miracle（奇迹）；形近词：birth-m（妈）birth 妈妈生孩子，快乐
gaiety,高兴,来自 gay
ecstasy,狂喜,来自一种迷幻药Ecstasy；ec=ex+sta-stand，站在外面-狂喜
excrete,排泄，分泌,ex-out，cret=to separate；联想：cret-create，向外创造
secrete,藏匿，分泌,se-=apart
discrete,分开的，不连续的,加强分开，反：continuous；t将ee分开一个个去处理
discreet,小心谨慎的，小心翼翼的,小心ee的
discretion,谨慎,
exculpate,开脱,词根 culp- guilt
inculpate,归罪,词根 culp- guilt
culpable,应受谴责的，有罪的,
culprit,罪犯,
exempt,被免除，被免除的,be ~ from sth.，<example 例子 & exempt（例外）-被免除的；词根 - empt 表示拿>
redemption,救赎；赎回,red=re-back，往回拿-赎回；The Shawshank Redemption
redeem,1救赎；2赎回,
pawn,抵押典当,拿到手里去典当
preempt,抢先占有，优先购买,pre-先拿走，先买下
exonerate,证明无罪,oner\on=burden负担，ex-off，解除负担
onerous,繁重的，辛苦的,-ous表示充满，充满了负担的
onus,责任，负担,
explicable,可说明的,和explain同源，plic-=ply-=fold，表示折叠或倍数multiply，complicated
explicate,解释，说明,
implicate,1暗示=（imply）（cue）；2牵连卷入,
implicit,含羞的，隐晦的,
explicit,清楚的，直接的，明显的，明确的,
supplicate,恳求,sup=sub- 一个人向下折，鞠躬 —— 恳求
duplicate,复制,du=double，折两次
replica,复制品,
expostulate,劝诫，忠告,把后果post说出ex来 = counsel 忠告
postulate,假设,
remonstrate,劝说,联想demonstrate，remonstrate 劝你不要 demonstrate
extemporize,即兴创作,ex-out，ize 词尾，词根：tempor=time（temporary），临时做出
extemporaneous,临时的，即兴的,
contemporary,同一时代的，当代的,con同一时间tempor的
impromptu,即兴的，即席的,im表示加强，prompt 立即的/催促，立即做出
extricate,使解脱，救出,【1】联想ex-out+tri-3从三角关系中救出来；【2】从骗局中救出来，tric=trick
intricate,错综复杂的,陷入（in）了三角关系（tri）的-复杂
enmesh,纠缠,mesh：网，使缠入网中（net）
exude,流出，渗出,e-out+xud-sweat=汗慢慢流出
ooze,渗出；（河底的）淤泥,
exodus,大批离开,联想，us我们一起ex向外——离去
influx,涌入,
fallow,休耕地，休耕的,fall 开头，秋天不耕作
callow,无经验的，年轻的，羽翼未丰的,call 开头，喊叫不成熟
hallow,神化崇拜,词源holy
wallow,打滚，挣扎,wall在墙下打滚，volve=turn 旋转
sallow,面色不好,来自 sorrow（悲伤）
ruddy,面色红润的,
fawn,小鹿，奉承，讨好,~ on sb；小动物的特点 -> 奉承
fauna,动物群,
flora,植物群,来自 flower
flatter,谄媚,~ sb，双写词尾表示动作的反复，flat-顺着抚平 —— 谄媚
toady,马屁精，谄媚,～ to，不及物；今天（today）的人们都很谄媚
sycophant,马屁精，谄媚的,syc=suck，suck up to sb，谄媚
feign,假装（某种情感）,feig-fac=make，做作的样子，feign death，装死的
feint,假装，佯攻，佯击，虚幻一招,字母g不发音的时候可以脱落，feign=feint
felon,重罪犯,fel-联想fall，-on表示小，犯错误的小人
felony,重罪,
felonious,恶毒的，重罪的,恶毒的：fiendish，vile，malicious，malevolent
villainous,恶毒的，凶残的,
villain,恶棍,来自 vile 凶残的
heinous,恶毒的，残忍的，凶残的,通过“黑”去记，心黑手狠的黑人
vicious,恶毒的,来自 vice n. 恶毒，～ gossip：恶意的诽谤
fester,脓疮，溃烂,形近词1fetter带脚镣久了伤口崩溃；2联想faster，懒得很快
heal,（使）愈合，治愈,
ulcer,溃疡,里面
ulcerate,溃烂,
putrid,腐臭的 = septic,形近词 purify 洁净 - putrefy 腐烂
fiasco,惨败，大失败,记：fail
triumph,胜利，凯旋,~ over sb/sth
triumphant,凯旋的，胜利的,
fresco,壁画,fres-=fresh，在新鲜的石灰上作画
flag,衰退，衰减,旗在没风的时候是耷拉的，fl表示向下，fl=1向上fly；2向下fold -> bend，弯
flinch,退缩,同cringe畏缩，向下弯了一英寸，表示退缩
flit,轻快地掠过,fl-fly + it-to go
fleeting,短暂的,flit 变体，很快地掠过
fling,抛，猛扔,
flaunt,挥动，夸耀，炫耀,联想fl=fly，飞起来的姑姑爱炫耀；
haunt,闹鬼，萦绕（在某人心头）,hau=嚎叫，嚎叫的姑姑
taunt,嘲笑，奚落,t踢姑姑是嘲笑
daunt,恐吓，使气馁,d=打，打姑姑是威胁
vaunt,吹牛,v：罗马数字5，五个姑姑就是吹牛
jaunt,短途旅游 = trip,j--journey 旅行的姑姑爱旅行
jaunty,愉快的，得意的,旅行很得意，联想 jaunt
staid,一本正经的，稳重的,st站/不动，sta 不动，很稳重的感觉
saunter,闲逛，漫步，慢走,s联想search，寻找姑姑漫步街头
flint,打火石，燧石,源flame+t
skinflint,吝啬鬼，一毛不拔的人,skin a flint 吝啬，从石头上扒一层皮
flip,掷，投，轻率的，无礼的,fl-fly，使飞起来 —— 轻抛；同义词，toss up
flippant,轻率的，无礼的,
flock,1羊群；2鸟群,fl-表示天上飞的，a ～ of
herb,牛群，兽群,herb牛吃草
school/shoal,鱼群,
pride,狮子群，骄傲,傲慢的是狮子群
swarm,蜂群,
gaggle,鹅群,goose，嘎嘎叫的
pack,狼群,
flounder,挣扎，蹒跚，比目鱼,人像比目鱼一样前->挣扎/蹒跚；联想 founder(创业者)都在艰难地前行
founder,沉没，垮掉，惨败,
flout,轻视，藐视，违背,跟flaunt同源；联想：fl-+out飞出去是藐视
tout,招揽生意，极力赞扬,来自tight，反：pan，平底锅/抨击，谴责；联想：t他出去拉客
scout,侦查，星探，童子军,谐音：思考他
snout,鼻子（海豚，猪等凸起的鼻子），口鼻部,sn+元音 = nose
snore,打鼾,
sneeze,打喷嚏,
snoop,探查，刺探,~ into；联想 snoopy 狗的特征
sneer,嗤之以鼻，冷笑,ee中间有两个眼睛，两眼一闭鼻子一哼
foliage,树叶，植物,foli=leaf，联想 fall-落叶
defoliage,使落叶（除去叶子）,
foliate,有叶的，叶状的,
folio,本子，对开本,
foil,锡箔,像叶子一样的小薄片
forestall,预防,fore-before+stall-停止，先停止 —— 预先阻止
install,安装,in-取否定
foresight,远见，预见,
foreshadow,预示,事先心头出现一个阴影
forebear,祖先,bear-生，最先生出来的
forbear,忍受，忍耐,bear-忍受，忍耐
stomach,忍受,熟词辟义，stomach=胃，brook小溪
brook,忍受,熟词辟义，stomach=胃，brook小溪
foreordain,预先注定,ordain 注定，规定；之前已经预定好的
forfeit,（指由于违约）没收物，丧失的东西，没收，丧失,for-=far，使之远离——没收，feit-=fact-=make；做得远离你
surfeit,过多，饮食过度,sur：1on；2more than，做多 —— 吃多
counterfeit,伪造,~ money，counter-=contra- 表示 against，做相反的东西
confiscate,充公，没收,con+fisc——财政 fiscal + ate，归为财政国库所有
forger,伪造者，铁匠,
fake,伪造,make
forge,伪造（书面和文字）；铸造，打铁；铁匠铺,如果后面接的是工具，一般是铸造的意思；forge a link/relationship with（强调在以前的基础之上进一步加强联系）
forage,搜寻，（牛马）草料,为了一个什么事情而去做，搜寻，介词接 for
forgery,伪造物,
2022-07-22 学习,,
formality,拘谨，礼节，仪式,formal - 正式的
formation,形成，构造,form 动词形式（形成）
deform,使畸形，使残疾,de-not + form 没有形状 - 变形
conform,服从遵守,~ to sth.； 大家一样的形状
nonconformist,不按传统生活的人,conform-服从遵守，non-否定，不服从的人
fossilize,使成为化石,"oss-=bone,fossil n. 化石"
ossify,骨化，使僵化，墨守成规,ossified 墨守成规的
ossuary,骨灰盒,-ary 表示一个地点
fraud,欺骗,economy fraud 商业欺诈；同义：delude & deceive
deceive,欺骗,
defraud,诈骗，欺骗,de-表加强
fraudulent,欺骗的,
mendacious,说谎的，欺骗的，不诚实的,acious-很多的，来自 mind
frivolity,轻浮，草率,
frivolous,随意的，轻率的,vol=will，fri=free，自由的意愿 —— 随意
volition,意志力，决心,vol=will
fugitive,逃亡者，亡命者,-ive后缀，词根fug=escape+it-to go refugee 难民
fugacious,易挥发的，易逃走的,acious-什么很多，fug-逃，逃得多
centrifugal,离心力,centri-中心，fug-逃，逃离中心的力量；centripegal force 向心力
subterfuge,借口，托辞,逃到地下，ter=土地，如territory领土
futile,无用的，琐碎的,谐音few，很少所以没用；形近词：fertile 肥沃的；fut/fus/fud=to pour倒（参考confuse，一起倒给你，迷惑）
refute,驳斥，反驳,造词逻辑同refuse
fuddle,灌醉，混乱,le表示动作的重复，反复倒酒就迷糊了
befuddle,喝醉，使迷惑,be-加强+fuddle
diffuse,弥漫，扩散（气体，液体），分散的；哆嗦的；冗长的；传播；散布,dif-dis-apart，倒开的感觉；把东西给diff不同的地方use使用，分工具，传播工具
suffuse,充满,suf=sub，在下面注入，sufficient
profuse,充沛大量的，极其丰富的，浪费的，挥霍的,用法：prouse rain/tears 充沛的雨水/泪流满面；pro-往前倒了很多
effuse,流出，泻出,eff-ex-向外+fus流
effusive,热情洋溢的,情感的外露
infuse,灌输，注入,in-向里
gainsay,否认,gain=against+say，说相反的话
negate,否认，否定，打消,negative的动词形式；neg-=negative
disclaim,否认,dis-否定，claim宣称
garnish,装饰（菜肴的点缀）,-ish作为动词后缀，gar-decorate（装饰），联想garlic，用大蒜装饰菜肴
garish,俗艳的（华而不实）,
gaudy,华而不实的，俗丽的,G贵audi奥迪
tawdry,廉价而俗丽的,结尾干巴巴的，gaudy and cheap
garb,制服，着装，穿着衣服,gar-decorate
garment,衣服,gar-decorate
festoon,布置，装饰,节日 festival 的张灯结彩
embellish,装饰，点缀,-ish-后缀，em-to，用铃铛bell装饰
emblazon,（用文字图案的）装饰，点缀,~with
adorn,装饰,orn-装饰
ornament,装饰物,orn-装饰
gauge,标准尺，规格，测量,联想gate，“测量大门”，gauge--gate
gage,标准尺，规格，测量,联想gate，“测量大门”，gauge--gate
gouge,敲诈，敲竹杠,
generic,属的，类属的,词根gen-表示1：race种族；2产生（gene基因）
homogeneous,同类的,homo-the same
heterogeneous,不同的，不同种类的,hetero-different
homosexual,同性恋的,
heterosexual,异性恋的,
ingenious,聪明的，天才的,genius（天才）；i-我天才
ingenuous,坦诚的，老实的，天真的,u-你天真
degenerate,退化，衰退，堕落,de-表示消极否定的含义，不能产生
engender,产生,en-表加强 = generate
genial,愉快的，热情友好的,gene+al，人生来本身是好的；gen-基因，生来是好的
congenial,意气相投的，志同道合的，友善的；和气的；性格相似的,同样基因的-相似
congenital,先天的,比congenial，多了个t，是先天的
glaze,上釉色,词根gl-(gold)=light，和光有关
pottery,瓷器,pot前缀
ceramic,瓷器,ce，映射了贝壳
porcelain,瓷器,易碎的感觉（proshell）
glimmer,发微光,a glimmer of hope 希望渺茫；m想成闷，很闷的光
gleam,发微光,a glimmer of hope 希望渺茫；m想成闷，很闷的光
gloomy,阴天的，忧郁的,oo=ea-，发微光->阴天；m想成闷，很闷的光
glitter,闪闪发光,t可以想成晶莹剔透
glint,闪闪发光,t可以想成晶莹剔透
glare,发强光，使炫目，怒目而视,are光照到眼睛上“啊！”——强光
glow,发出温暖柔和的光,low
glisten,水和油的发光（如露珠等）,listen-听，能听得到的光->水光
gloss,光泽,与glaze同源，ss丝丝光泽
glossy,有光泽的,
glide,滑翔（平面的滑行）,slide（往下滑）
glib,油嘴滑舌的,来自 glide 变体
bland,平淡无味的，情绪稳定的,白开水 bland
blunder,跌跌撞撞地走,来自 blind
blend,混合,来自 blind
blender,搅拌机,来自 blend
blunt,迟钝的，钝的,来自 blind
bleach,漂白，变白,blank
blanch,变白,blank
blight,植物的枯萎病，毁灭，死亡,b-不+light=不见了光植物枯萎
gobble,狼吞虎咽,
devour,狼吞虎咽,vor表示吃，如herbivore
guttle,狂吃，狼吞虎咽地吃,
guzzle,痛饮,联想puzzle：guzzle之后就puzzle
graft,嫁接，移植（表皮），渎职,记grow，跟种植/生长有一些关系
transplant,（器官）移植,
malfeasance,渎职,mal-坏，fea-fact做，ance-逐渐；feas-fact 表示做，做坏事
abscission,切除,abs-away，scissor-剪刀
gratuitous,无理由的,~ insult 无端的侮辱；~ violence 无端的暴力；=unprovoked（无缘无故的）；grat- = to please（高兴，满意），如 congratulation，grateful；联想 gratuity，想给你小钱是无理由的
gratuity,赏钱，小费,令你高兴的钱
ingratiate,讨好，迎合,in+动词+ate，使高兴，in表加强，让人高兴->讨好
gratify,使高兴，使满意，欣慰,~=satisfy，be gratified with ...
ingrate,忘恩负义者,in表否定，不感激的人
gratitude ,感激,
gregarious,社交的（social），群居的,greg-/gre-：gather 聚集
congregate,聚集，聚合,考GRE的同学一起con来到门gate前聚集
aggregate,聚集，集合，总计为,
segregate,种族隔离（se=apart）,不聚集，就隔离咯，主要是指人阶级/种族上的隔离
egregious,过分的，极不寻常的，臭名昭著的,~=flagrant；<e-out+greg-gather+ious 被群体抛弃 —— 臭名昭著的>
desegregate,废除种族隔离，民族融合,de-反义+segregate
insulate,（物体）绝缘，使隔绝,insular=island，岛的周围都是水，或者联想 sul-=单独一个
quarantine,疾病的隔离，隔离期,隔离在一个tin里，跑ran到罐子tin里；与quarter同源（四分之一）
estrange,使孤立，使隔绝,e-加强，加强让你strange（陌生）
sequester,隔离，隐居，与世隔绝,quest=question，远离se-apart世事，不再过问江湖，主动隐居；se-=apart，离开了不问世事
grievance,委屈，冤情,grav-heavy，-ance表示名词，联想gravity（重力），心情很沉重
grieve,感到悲痛，使伤心,grav-griev —— 心情沉重 - 悲伤
aggrieve,使委屈，使苦恼,
grill,烤肉/严加盘问/拷问,联想 gridiron
gridiron,铁格子,grid方格子，iron铁
broil,（英式）烧烤,br-分开+oil把肉切分开，抹上油—烧烤
grisly,恐怖的，令人毛骨悚然的,联想：鬼+rise，同源grim（记：grey灰色）
gruesome,狰狞的，可怕的,-some形容词后缀，例如 handsome，通过鬼联想记忆
macabre ,恐怖的,骷髅舞会，一个人带着骷髅面具
ghastly,可怕的,来自ghost
aghast,可怕的,来自ghost
grit,粗砂，勇气,记：great，勇气和伟大
spinelessness,胆小，怯懦,spine 脊椎，pin - 针，一个人没脊椎，没骨气
grouch,不高兴的人，心怀不满,gru，grou -- 心情郁闷有关
grumble,抱怨；咕哝；牢骚；隆隆声；发牢骚,gru - 心情不爽；gru-grave=心情沉重的
grouse,牢骚，诉苦,gru - 心情不爽
rejoice,心情高兴,飘柔，re-再一次，joy高兴
grumpy,脾气暴躁的,gru - 心情不爽；gru-与心情不好有关grumble
gullible,易受骗的,guile-欺骗，ible容易欺骗
gullibility,轻信，容易上当,谐音：傻了吧唧的
gull,海鸥，易上当的人,g-咕咕叫的是海鸥
lull,使安静，使入睡,~ sb to sleep；lullaby，摇篮曲；联想：l-啦啦啦是要睡觉
mull,仔细想，思考,m木讷的是在思考，不及物动词
null,无效的，值为零的,前面是no就无效；n表示否定
hull,硬壳，船身，船体,house开头是硬壳
cull,屠宰（slaughter）；精选（select）,c-cut开头的是屠宰
credulous,a. 轻信的，容易上当的，n. credulity,cred-=to beleive，联想 credit 信用卡
accredit,信任，授权,ac-加强
creed,信条,cred 变形，cred-=to beleive
credence,相信,ence名词后缀，cred-=to believe
hale,强壮的，矍铄的,来自health，一般形容老年人
exhale,呼出,
inhale,吸入,
robust,健康强壮的,<乐百氏>
sturdy,强壮的，健壮的,study身体要sturdy
hardy,1（人）强健的，能吃苦的；2耐寒的（植物）,命很硬hardy
salubrious,有益健康的=healthy,salu-=salvage=save=safe，救你之后变成健康
hallucination,幻觉，幻想,hal-holy，luc/lustr-=bright表示光亮的，神圣之光 —— 幻觉； hall 大厅开头有幻觉
lucid,清楚的，明白的,luc-=bright，词根+id形容词后缀，有光亮的
elucidate,阐释，阐明,e-表加强，使清楚明白
pellucid,清楚的=lucid. 透明的,pel-=per 表示 through，穿过去可以清楚
translucent,半透明的,让光穿trans过去
luster,光泽,lustrous；来自 lustr-=bright
lackluster,黯淡无光的,联想 luster
haphazard,偶然的，随便的（unplanned），无序的，凌乱的,随意的安排；hap-luck，hazard=danger，幸运和危险都是偶然发生的
accidental,（事件）偶然的,源自 accident
random,随机的,a random sample
systematic,系统性的,
casual,随便的,informal 非正式
hapless,倒霉的，不幸的,hap-=luck
mishap,灾祸，不幸,~=misfortune，hap-=luck
hassle,（言辞上的）激战，激烈的辩论/争论，困扰,"词中有 ""has"" + sle，反复有的麻烦"
haggle,（价格上的）争论不休,~=bargain
harry,困扰，苦恼,谐音：哈利波特，麻烦不断
harass,骚扰,sexual harassment 性骚扰；ass屁股很苦恼
pester,骚扰，纠缠,pest：害虫，er：动作的反复，害虫反复来纠缠
badger,使困扰,来自badge徽章->荣誉，荣誉太多很困扰
molest,猥亵，骚扰,及物动词，被摸mo——被猥亵
heirloom,传家宝,一个织布机loom是传家宝，herit-bequeath遗赠，继承；
heir,继承人,
heiress,女继承人,ess，表示的是女性的词尾
heirship,继承权,
inherit,继承,herit-bequeath遗赠，继承
inheritance,（继承的）遗产,
heritage,（文化）遗产,cultural heritage 文化遗产
legacy,遗产（口语）,legal同源，合法所继承的
disinherit,剥夺继承权,
heredity,疾病的遗传,her+edit（妈妈）她编辑好了传给孩子
loom,织布机，出现,100米——织布机，100座mountain——隐隐若现；loom up 出现；loom(so)large(问题）尤为重要，尤为突出
loop,圈，环,100个人people围成圈
loot,战利品/掠夺（口）,100ton吨战利品
loon,傻瓜,100个no——傻瓜
herbicide,除草剂,herb-=草，-cide=kill（来自于cut）
ecocide,生态灭绝,eco-=environment，-cide=kill
ecosystem,生态系统,
genocide,种族灭绝,杀死整个一代，-cide=kill，generation代
heresy,异端，异教,here-=hetero- 不同的
hearsay,谣言,听+说，道听途说的
rumor,谣言,
heretic,异教徒,heresy变体
heretical,异教的，异端的,heretic变体
hermetic,密封的，与外界隔绝的，深奥难懂的,同义词：opaque=recondite=eclusive；met遇见了她her（小龙女），她是个隐士
hermit,隐士,来自：Hermess赫尔墨斯（隐士）；Mercury墨丘利
commerce,商业,merc-trade，物物交换
mercury,水银,水银是易变的，联想 commerce
mercurial,雄辩机智的，活泼善变的，水银的,联想 mercury，水银 mercury 是易变的
mercenary,唯利是图的,ary形容词后缀，merc-trade，商人的特点
assorted,什锦的，各种各样的,as-加强，sort种类
sundry,种种的，各种各样的,来自sunder分开，东西都给分开了，全都不一样，~food
hackneyed,陈腐的，平庸的,hack n. 雇佣文人，劈，砍；反义词：hacker 黑客
original,新颖的，起初的,起初最先做的，就是新颖的
banal,平庸的腐朽的,"banal words；""ban""禁止，陈腐的习俗要禁止"
cliche,陈词滥调,
trite,陈腐的,
hover,盘旋,"单音节词汇中的""h""与""high""有关，high+over"
haughty,傲慢的,au=ei，height 高傲，傲慢的
hub,中心,The ~ of solar system，太阳系的中心
cub,幼崽，幼兽,被保护在核心的
hump,驼峰，驼背，隆起，弓起,-ump和崎岖不平有关，前面有个h表示high，高高隆起的是驼峰
hamper,阻碍，衣物篮,-ump，被鼓起的两个包挡住的
lump,大块，肿块,一大块面包
bump,肿块，撞击,b敲打，木棒，打了长出来包
slump,（数值，价值）暴跌,sl-表示向下滑，向下鼓包
plummet,突然下降,与slump同义
plump,丰满的,"<身材凹凸有致，""p""->胖胖一块lump"
clump,丛，簇,c包围，一大团包在一起，一丛灌木
rumple,弄皱，弄乱,"与crumple同义,re+ump+le 反复"
crumple,（使）皱,re+ump+le 反复
hypnosis,催眠状态，催眠,Hypnos 希腊神话中的睡神
hypnotize,催眠，使着迷，吸引,催眠之后，问什么就答什么，吸引住了
hypnotist,催眠师,ist 表示人
hypnotic,催眠的,
insomnia,失眠,Somnos：罗马神话中的睡神，in- 表否定
somnolent,催眠的，想睡的,联想：insomnia
soporific,催眠的，催人入睡的，安眠药,so+pore（精读），读书的时候混混入睡
sober,清醒的,
narcotic,麻醉的，昏睡的,一般是吸食药物之后的昏睡，nicotine（尼古丁）
hypocrite,伪君子，伪善者,hypo-:1.below;2.less
hypercritical,过于挑剔的,hyper-=high-:1.above;2.more；
hypocruitical,虚伪的,在下面批评，当面又不说
hypocrisy,伪善，虚伪,
hype,夸大的宣传，炒作,来自 hyper，过高地说一个东西
hyperbole,夸张法,
understatement,轻描淡写的,under-：低于，不足，state：陈述
hypothesis,假设，假说，猜测,不足的论点（thesis）——假设
hyperactive,极度亢奋的，多动症,负向词汇，不太正常的人，hyper过于active积极的
ideology,意识形态,idea
anthropology,人类学,anthro=people
genealogy,家谱学,研究人的gene基因的
meteorology,气象学,meteor，研究流星的是气象学
archaeology,考古学,arch-：之前，研究很早以前的东西
ecology,生态学,eco-：environment
2022-07-23 学习,,
imbroglio,杂乱的一团，纷扰，纠葛,im-表示“向里”，br和分开/分歧有关，卷入分歧 —— 纠葛
harmony,和谐,imbroglio 反义词
din,喧闹,<谐音：叮叮当当的声音>
ado,纷扰，纷乱,a表示否定，do做，没法做事很混乱
bedlam, 喧闹的样子，混乱的场面	,床上（bed）很乱
commotion,喧闹，骚乱,motion运动，全城一起com动起来很喧闹
impair,削弱，损害,和repair对照记忆
impalpable,触摸不到的，难解的,反义词：palpable；p和手掌有关，im-表示否定，-able表示能
palpate,触诊,p和手掌有关
palpitate,悸动，跳动,p和手掌有关
impudent,放肆无礼的，厚颜无耻的,pud-feel ashamed，im-表示反向：不会不好意思——无耻；（pun-punish）
repudiate,断然拒绝，否认，拒绝，=refuse,~=refuse，reject，decline；re-反向，pud-feel ashamed，反过来让别人不好意思；pud-害羞
imprudent,轻率的,prudent-provident，vid-=vis-=看
provident,有远见的，未雨绸缪的,"一个人看得远的,pro=前，vid=看"
prudent,审慎的，小心谨慎的,prudent-provident
incandescence,白炽，白热,"-escence表""主键""，cand-=white，联想 candle 是白色的，古代 candidate 都是身穿白色，“逐渐变白”"
candor,坦白，直率,cand-white
candid,坦白的，坦诚的,cand-white
inchoate,未形成的，早期的，不完全的，混乱的,在里面in初始chu-cho状态的；<inch英寸，刚出现一点点>
embryonic,胚胎的，初始的，未完全形成的,br出生有关
embryo,胚胎,br-开头的词，跟分开，分歧，出生有关
incipient,起初的，初始的,cip-=cap-=首都/头，在里面in刚刚露头cip
rudimentary,初步的，基础的,源自root，可以想成 rootiment
rudiment,基本原理；萌芽,rud=root，根本，初步，crude
erudite,博学的,e表示“向外”，从粗鲁之中走出
incubate,孵卵，孵化,in表加强，cub表示幼兽，加强使之出来一个幼崽
incubator,育儿箱，孵化器,incubate变体
incubation,疾病潜伏期,cumb/cub = lie down 躺下，cucumber（黄瓜）
incubus,梦魇=nightmare,in-表示否定，躺不下去；cumb/cub = lie down 躺下
cumber,阻碍,躺在那里 in the way，er 表示动作的反复
encumber,阻碍,en加强+cumber
incumbent,在职的，现任的，有责任的，有义务的,It's incumbent on sb to do sth；躺在职位上的人
recumbent,斜躺，斜倚的,re表示back，往后躺
concubine,妾,躺在一起的人
succumb,屈服（to）,succ-=sub-下，躺在下面是屈服
indigenous,本土的=native；天生的，先天的,"反义：acquired 后天习得的；<in-not+di-apart+gen-race+ous，""从来没有离开这个民族的"" —— 本土>"
indigent,贫穷的=impoverished,本土很贫穷
indignat,愤慨的，愤怒的,in-not+dignity 失去尊严 —— 愤怒
indolent,懒惰的,in-not+do- 什么都不做 —— 懒惰
indolence,懒惰,
condolence,哀悼，悼念,condole - 哀悼，悼念，一起哀悼（谐音：dole-悼念）
redolent,a. 回忆的，想起；n. 芳香的,re-back + do 做以前的事情
recall,回忆起，想起,给以前的朋友打打电话
recollect,回忆，想起,收藏以前的东西
ineffable,不能说的，避讳的，不应说出的,"in-表示""不""，ef=ex，fab=speak：fable（寓言故事）"
affable,和蔼可亲的,af-to 和别人说话的
ineffaceable,难以抹去的,efface 表示擦除，抹去
infatuation,迷恋,fatu=silly（愚蠢）
infatuate,痴迷于,be infatuated with，（贬义的爱）
fatuous,（人的思想）愚昧的，愚蠢的，昏庸的,很胖（fat）所以很蠢
fatuity,愚昧，愚蠢,fatuous 变体
have a crush on,爱上比自己大很多的人,
infinitesimal,无穷小的,infinite 无限 + small，无限的小
minute,微小的，琐碎的,来自于mini
iota,少量，微量,希腊的第九个字母，比较靠后，所以也表示小；an ~ of（有亮点的词组，用于否定句中）
pittance,少量，微薄的工资,来自 pity（可怜的）；少得可怜的
meagre,极少的,英式写法/美式写法；来自micro-联想：m-妈+eager，因为极少，所以妈妈渴望更多
meager,极少的,英式写法/美式写法；来自micro-联想：m-妈+eager，因为极少，所以妈妈渴望更多
infraction,违反，侵害,in 往里，fract\frag=to break fragment(碎片）
infract,违反，侵犯,不及物动词，搭配 on 使用
fraction,分数，少量,a fraction of sth.
fracture,骨折,骨头分开
suffrage,投票,往下打：古希腊将陶瓷打碎把碎片当作选票
fracas,喧闹,as“像”打架似的——吵闹
faction,派系，小团体,来自fact=做，各做各的事儿
ingestion,摄取，吸收,往里 digest，词根 gest-=to carry：1fer；2port；3gest
ingest,摄取，吸收，消化,
indigestion,消化不良,in-否定，digest 消化
congest,拥堵，充满，充血,同时带来；be congested with 挤满
gestate,酝酿，怀孕,带来生命
inquisitive,好奇的，刨根问底,动词：inquire；in+question，深入询问——刨根问底，quisit/quire/quest=to seek
acquisitive,贪婪的，物欲重的,来自acquire，什么都想 acquire 的
requisite,必须的，必需品,反复寻求——必须得到
exquisite,精致的，精美的,寻求外部的精美
prerequisite,先决条件,pre-之前，之前就要必须有的
curious,好奇的,be curious about
insatiable,不知足的，贪得无厌的,不能满足的，in-not 不能 satisfy，sati=satisfy=full
satiate,过于满足，使厌腻,be satiated with，贬义色彩
saturate,<化>使饱和，浸透，浸湿,satisfy
satisfactory,令人满意的,fact做得令人满意
satire,讽刺，讽刺性文章,sati+tire=满足后便厌腻->讽刺
satirical,讽刺性的,源自satire
ironic,讽刺的,ironically，转折的感觉
sarcastic,讽刺的,
instill,灌输,灌输=infuse；st 站在里面
implant,灌输,种在里面
inculcate,灌输,culc=cult--grow，将文化灌输进去
distill,蒸馏，提取,dis-分开
integrity,正直，诚实；完整性,integr-=whole
integer,整数,
integrate,使综合，使成为整体,IC = integrated circuit 集成电路
integral,完整的，必须的，重要的,
disintegrate,解体，使不完整，裂成碎片,dis-否定+integrate->不完整的
dismember,瓦解，肢解,dis-apart分开，member成员，把成员全都分开了->瓦解了
amputate,截肢,am-an=not+put，不放在身上了
inter,埋葬=bury,ter-=terr 表示“土地”，在土里
Mediterranean Sea,地中海,
territorial integrity,领土完整,
terrestrial,陆生的,ter+rest+rial=在陆地上休息——陆地栖息的
Extraterrestrial,外星人,extraterrestrial，外星的，地球以外extra的
disinter,挖掘,
unearth,挖掘,earth-土地，un-否定
terrace,看台，梯田,race-比赛，看比赛的地方（ter+race）
terrain,地势，地形,ter+rain，雨后的土地很难走->地势地形
inhume,埋葬,hum同样可以表示土地（human），主要是埋葬尸体
exhume,挖掘,hum同样可以表示土地（human），主要是挖掘尸体
humane,有人性的，仁慈的,人有人性的
humiliate,使尴尬，使窘迫,~=embarrass
humid,潮湿的,人充满了水分
humidifier,加湿器,
intermittent,间歇地，断断续续的=interval,at intervals 时而，mit/miss=send 送，如 transmit，做一件事的时候不断往中间送进来，插入打断的感觉
remit,汇款，赦免,把钱送mit回去re；把人送回去——赦免
remittance,汇寄,
remission,赦免,
demise,n. 死亡,往下送，送入地下 de+mis
surmise,猜想，猜测,sur-more + mis=多送出一些信息——猜测
intersperse,散布，点缀,inter-between，sperse=spread，在中间散开 —— 点缀
disperse,驱散（人群）,dis-apart，sperse=spread
asperse,诽谤,a-to，去散播一句(a)谣言-诽谤，aspersion n.
sparse,稀疏的，零星的,散开的；稀疏的火花（spark）
density,浓密的,
inveterate,根深蒂固的，成瘾的,来自 veteran（老兵/老手），用法：inveterate smokers 老烟鬼
ingrained,根深蒂固的，成瘾的,grain谷物，谐音在“骨子”里的；或者 谐音：inbrain的（在脑子里）
incorrigible,不可救药的,corri=correct 不能修改的
invidious,招人嫉妒的，招人烦的,"vid/vis=see,in-not，不愿意看 —— 招人讨厌"
envisage,展望，设想,en-表示加强，-age表示动作的结果
envision,展望，设想,
jeopardy,危险,联想：jeep+ard+y，吉普车有危险 = hazard
peril,危险,per=through 表示一直，il 联想 ill，一直生病很危险
imperil,危险,
perilous,危险的,
jocular,诙谐的,joke = facetious
waggish,诙谐幽默的,像狗一样wag摇尾巴
jocularity,诙谐幽默,
jocose,诙谐的,-ose结尾的形容词=表示多，笑话Joke多->诙谐的
jocund,欢乐的，高兴的,-und--adj形容词后缀，讲笑话令人高兴的，快乐的
jovial,快活的，高兴的，愉快的,jov-=joy
jolly,快乐的，高兴的,
jubilant,快乐高兴的,n. jubilantion
jubilee,周年纪念日,高兴的日子
anniversary,周年纪念日,silver=25年，golden=50年，diamond=60年，silver jubilee；anni=year
biannual,一年两次的,bi-二，anni=year；相比 biennial，次数多的就是一年两次
biennial,两年一次的,bi-二
judicious,明智的,jud/judic=judge，充满了判断 —— 明智
adjudicate,仲裁，判决,ad-to表示加强，去判断 —— 判决
judicial,司法的,judicial proceeding 司法程序
judicature,法院，司法部,与 legislature 一起记忆
legislature,立法机构,与 judicature 一起记忆
canny,精明的,cunning 狡猾的，running cunning，遇到事情就跑掉
shrewd,精明的,谐音：识数的，识数的最精明
astute,精明的，敏锐的,as-to+tutor（vip一对一教学） —— 作为as教师tutor也是很精明的
untutored,未受过教育的,tutor —— 一对一教学
kempt,（衣着）整洁的，梳理好的,形近词放在一起记忆：kept/ kempt 保持整洁；kemp-=comb 梳子
unkempt,邋遢的,
dapper,(男性）衣冠楚楚的,男生不用穿的奢侈，干净就好
dowdy,邋遢的,down-下，衣着向下拖到地上了
coxcomb,纨绔子弟；花花公子,爱打扮的男生，comb 梳子
kernel,核心,联想 core 核心，kernel 相当于 core；cor-ker，核心
essence,精华,联想：ess-ex-向外暴露森林里的精华
essential,本质的,
marrow,核心，骨髓，精髓,形近词 narrow；狭窄的骨缝当中有精髓
pith,核心，精髓,形近词：path，有捷径，懂得精髓
knack,诀窍，本事，才能,形近词：knock，敲开敲门砖
flair,天资，才华,fl-fly+air=飞在天空中，天生会飞的；flash，一个人的闪光之处 - 才华
lackadaisical,懒洋洋的,lack，缺乏，懒洋洋的；lac=lax=loose（松），整个人批发松懈（relax）
lax,松懈的，腹泻的,谐音：la拉稀x
diarrhea,拉肚子,
laxative,放松的，通便的，泻药,lax-松懈的
slack,松懈的=loose懈怠的；松，萧条的,s起到加强语气的作用
taut,紧的,来自 tight
laconic,简洁的，简明的,Laconia，这个地方的人说话很简洁；
succinct,简短的，简洁的,联想 succeed；成功的人往往很简洁
terse,简短的（指文字），简洁,terse-text 简洁的短信
pithy,精炼的，简洁的,道路狭窄-精髓，pith
verbose,累赘的,-ose 表示多，动词verb很多ose是累赘
loquacious,话多的,loqu-=log-=说话，ious多
prolix,冗长的，累赘的,pro 表示向前，lix=liquid 像液体一样向前流淌的
garrulous,话多的，饶舌的,gar-carry+rule=带来太多规则说教——话多的
languid,疲倦的，无力的，没精打采的,谐音：懒鬼的
languish,憔悴,
languor,疲乏,
lacerate,割裂,lacer-laser=激光割裂；谐音：镭射
lassitude,疲乏，疲惫,-tude 表示抽象名词后缀，lass=lax（松弛的），联想 lazy
turpitude,卑鄙，邪恶,同源：disturb，扰乱社会——品质恶劣；disturb，打扰别人的态度是很卑鄙，邪恶的
ineptitude,无能,inept 无能的，adept 熟练的
vicissitude,（社会时代）兴衰，变迁,vic-vis看到中国的巨变
platitude,陈词滥调=cliche,陈腐，平庸；plat-=flat 表示平，平庸的话是陈词滥调
solitude,孤独，寂寞,solid
solicitude,牵挂，想念,比 solitude 多了个 ci，多了个思念
magnitude,重要性，事物的大小,mag=max=large，重大
multitude,许多，大量，群众,~ of sth.；multi-many
fortitude,毅力,来自 force，力量
latent,潜在的，潜伏的，潜藏的,n. latency，late- 迟来的——潜在的，latent power
potential,潜在的,
lateral,横向的，侧面的,later-: side 边
bilateral,双边的,bi-二，later-：side 边
unilateral,单边的,uni- 一个
equilateral,等边的,equi- equal
multilateral,多边的,multi - many
literal,按字面意思的，逐字的,literal translation 直译 VS liberal translation 意译；liter-=letter 与文字有关
literary,文学的,
literate,识字的，有文化的,
illiterate,不识字的，文盲的,il-否定
obliterate,抹去，擦除,ob：1加强2除去；ob-表示反向，没有文字——将文字擦除
purgative,泻药,purg=pure，使肠胃干净
purgatory,炼狱，受苦受难的地方,洗净灵魂的地方
purge,清洗，使纯净,
expurgate,删除（文字）,ex-to+purg+ate——清洁干净 —— 删除；清洗pure大门小广告是删除
leniency,宽大，仁慈，温和，慈悲宽厚的行为,同 clement
lenient,（人）宽厚仁慈的,lent=soft，软
relent,变宽厚，变温和,联想：lent，可以反复借给你东西的人使宽厚的人
relentless,无情的，冷漠的,relent+less后缀
lethargic,昏睡的，瞌睡的，漠不关心的，缺乏热情的,Lethe 希腊神话中冥界 —— 遗忘河（谐音：立死）
lethargy,昏睡的样子，瞌睡, 
lethal,致命的,谐音：立死
liquidate,清算，结清,liquid 表示液体，也可以表示清澈的，-ate 表示动词
liquefy,使液化,fy 结尾是……化
maelstrom,大漩涡，社会混乱,<mael-male-evil，storm邪恶的大风雨是漩涡>
eddy,漩涡（水流或气流的）,
whirlpool,（水的）漩涡,whirl-转，在水池里不停地转
pandemonium,魔窟，大混乱,pan-前缀，全部，demon=魔鬼，”群魔乱舞的地方“
2022-07-24 学习,,
magnanimous,宽宏大量的，有雅量的，坦荡,magn--large，anim表示breathe呼吸，”大，气，的“
magnate,巨头,magn--large
tycoon,大款,（日语）谐音：ty->大，coon->款
magniloquent,吹牛的，夸夸其谈的,magni大，loqu说，ent形容词后缀，说大话的
animate,活的，有生气的，赋予生命，制作动画片，鼓励，激励,anim- = to breathe
unanimous,意见一致的,un-uni（一个）+anim-breathe+ous——异口同声，大家同喘一口气，同 consensus
pusillanimous,胆小的,pussy 孬种=coward=craven，像懦夫一样喘气
equanimity,沉着，镇定,呼吸很平均，大气不喘，equa-equal+anim+ity
animosity,敌意，怨恨,生气了，来气了，同：animus
hostile,敌意的,联想，像主人一样充满敌意
hospitable,友好的,联想，像医院一样友好的
maladroit,不灵巧的,adroit 灵巧的，mal-坏，不好的 —— 不灵巧的
gauche,粗糙的，笨拙的,联想：”高车“，车很高移动起来是笨拙的
ungainly,笨拙的,un-not+gain（获得）+ly，怎么学也学不会
malaise,不舒服，小病，不适,联想，爱ai射se的人身体很差mal
ailment,病痛,人生病（ail一种病）的时候需要营养（aliment）
aliment,营养，食物,alimentary营养的
mandatory,命令的，强制的,和command同源，命令，词根mand-=order命令
mandate,命令,
remand,押回,命令一个人回去，押回
countermand,取消命令，撤销命令,counter表示against相反
obligatory,命令的，必须的，强制的,来自 obligation
obligation ,义务,联想，ob不能进去里面li采集gat
compulsory,义务的，必须的,联想，一起com拉取pul故事sory去做事是每个员工都得做的
imperative,命令的，必要的,源自 emperor（帝王，皇帝）；联想，在皇宫里面im必须一直per保持活跃ative
maniacal,发狂的，疯狂的,来自 mania
mania,狂热,来自 crazy；联想，谐音money诶，看到钱就很狂热
hysteria,歇斯底里，竭斯底里，情绪失控,负向的疯狂；联想，这人疯了站在st很高hy的地方
pyromania,纵火狂,pyro-=fire 火 + mania（狂）
kleptomania,盗窃癖,klept-kept保持别人东西的癖好
megalomania,自大狂,meg-=mag表示大
dipsomania,嗜酒症,dip蘸dipso-=drink，蘸点酒
marital,婚姻的,来自 marrige
martial,军事上的,来自战神马尔斯Mars，martial arts 武术
martinet,严格遵守纪律的人,et作为名词后缀来说，是小的意思，军事（martial）里面的人——严于律己
nuptial,婚姻美满,~=bliss
prenuptial,婚前的,
postnuptial,婚后的,
melancholy,忧郁,melan-=black，cho-=bile 胆汁，人在忧郁的时候胆汁发黑；联想：me+blue=我+蓝=忧郁
saturnine,忧郁的，悲伤的,Saturday+nine，星期六还加班到晚上九点——悲伤
lugubrious,忧郁的，不开心的,拼音：lu gu-露骨，露骨的批评
somber,忧郁的,umber-shadow（umbrella），生活在阴影之下；联想，有些some熊bear很犹豫
adumbrate,预示,ad-加强，umber-阴影，出现了阴影 —— 预示
mercantile,商人的，商业的，贸易的,merc-trade；联想 commerce
merchandise,商品,merc-trade
caprice,（人的性格）善变；任性善变，突发奇想,联想：price 是易变的（注意不能表示数字的易变）
meretricious,华丽而庸俗的，俗气的，娼妓的,"~=gaudy=garish=tawdry；mere=only，tric-trick，""仅仅就是欺骗，表面骗局而已"""
meritorious,值得赞赏的,来自 merit 优点
demerit,缺点,
metamorphose,（外观，形态上的）变形，变质，使变成,meta-to change；morph--form
metaphor,暗喻,phor=fer，带来phor改变（meta）
simile,明喻,联想，谐音see看mile仔细，能够看得很仔细的不就是明示了吗
metabolism,新陈代谢,meta-to change，联想：meta改变你的玻璃心bolism
morphology,形态学,
transmogrify,变形,trans（转换）+mog-morph= transform
transfigure,使改观，使美化,figure 表示身材，身形
meticulous,小心翼翼的，细致,遇见met+cult邪教（culture另类文化），要小心谨慎地对待
metropolitan,首都的，主要都市的,matr/mater-mother，母亲（metr）城市（polit）
metropolis,首府，大都市,matr/mater-mother
maternal,母系的,matr/mater-mother
paternal,父系的,patr/pater-father
fraternal,兄弟般的,fratr/frater-brother
maternity,母性，母道,maternity leave 产假，compassionate leave 事假（同情假）
fraternity,兄弟情，手足情，兄弟会，联谊会,
sorority,姐妹会,联想，谐音rori萝莉
matriarchy,母系氏族，女族长制,archy统治有关，matr-mother
patricide,弑父,patr-father，cide-杀死，杀爹
patron,老主顾,~=regular costumer，on后缀是小有关的，小小的人物，像爹一样，衣食父母——客人（常客）
patronize,关顾，赞助，保护，庇护,常客经常关顾店
patriotism,爱国主义,patr-引申为国家的含义了，共同的父亲
patriot,爱国人士，爱国者,
expatriate,驱逐,ex-表示向外，赶出国家，联想patri国家
repatriate,遣返,re-back，又回到这个国家，联想patri国家
compatriot,同胞,com都是一个patr爹（国家），联想patri国家
countryman,同胞,
migratory,迁徙的，流浪的,migrate迁徙 migr-=move
migratory birds,候鸟,~=avian migrant
emigre,流亡者,e-往外，让他搬走
transmigration,轮回,trans-转换（阴间->阳间）
nomadic,流浪的，游牧民族的,联想：没有no妈妈ma的关爱 —— 流浪的
nomad,游牧民,
mince,切碎,源自 minute（微小的）
wince,畏缩，害怕,联想，win赢了就把你切碎mince
misgiving,疑惧，疑虑,mis-=1mistake;2hate; 给giving错mis人了，有点焦虑，害怕
mischief,恶作剧,chief 首领，痛恨mis首领->搞恶作剧
mischievous,恶作剧的，淘气的,
misperceive,误解,~=misunderstand
perceive,感觉,联想receive，收到/感觉到
misinform,提供某人错误信息，误导,mis错误inform通知
miscreant,恶棍,cre=create，制造错事的人
misanthrope,厌世者,mis=痛恨，authrop-people痛恨人类的人是厌世者
modish,流行的，时髦的,同源：modern（现代化，时尚） mod——样式，方法
mode,样式，方法，风格，时尚,model 模型
outmoded,过时的,moded时尚，out过了
commodity,商品,com一起mod样式，各种各样的东西放在一起；~ society商品社会；~ economy商品经济
commodious,宽大的，宽敞的,能够给很多人提供住宿（accommodate）
accommodate,提供住宿，容纳,
modulate,调整，调节,及物动词；ate动词后缀，调整-模式mode
moderate,中等的，适度的，有节制的，减轻，缓和,mode，很符合模式的东西->适度，有节制的
modest,适度的，谦虚的,
monogamy,一夫一妻制,gam-=marriage，结一次（mono-single）婚（gam）是一夫一妻制
polygamy,一夫多妻制,poly-many，结多次婚
polyandry,一妻多夫制,poly-many
misogamy,厌婚,mis-hate，gam-marrige
bigamy,重婚罪,bi-二，gam-marriage
monopoly,垄断,~on；-mono垄断，多poly，一垄多
monopolize,垄断,
moribund,垂死的，即将结束的,mort/morb=death；联想，被死亡mor绑定的bund
immortal,不死的，不朽的,im-否定+mortal
mortal,凡人，致命的，注定一死的，终将一死的,谐音：没头，必死
morbid,病态的,快死了，谐音：毛病的
mortality,死亡率,联想，被摩托mortal撞哩li
mortify,使蒙羞，使窘迫,~=humiliate；使之想死的感觉->很丢人
mortuary,太平间，停尸房,-ary表示地点，放死人的地方
mortgage,贷款,gate-gate大门/测量，还不上钱就以死相待
amortize,分期偿还,a-to+mort——使贷款死亡
morose,郁闷的,没有玫瑰是郁闷的；情人节mo没有+rose
morass,窘境；沼泽地；困境,ass驴；
mote,尘埃，微粒,源于minute，微小的；o圆圈的，一块一块的
mite,少量，极少量，螨虫,i 细长的，一条一条的
termite,白蚁,
mete out,给予,惩罚等不好的东西；mete out punishment to
mundane,世俗的，人间的，平平淡淡的,mun--man
earthly,现世，尘世的,
worldly,现世，尘世的,
worldwide,世界范围内的,
extraordinary,非凡的,ordinary 平凡的
mutate,变异（突变）,mut=to change；mutate into sth; mutated gene 变异的基因
mute,减轻（声音）a.沉默寡言的,声音上的突然变化
commute,通勤，交换，减刑,~ death penaly to life imprisonment（把死刑减成了无期徒刑）
commuter,通勤者,
mutiny,兵变，叛乱,在国家内部in发生改变（mut-）
narcissist,自我陶醉者，自恋狂,联想：那nar个cissy（娘娘腔）的人很自恋；源：narcissus（水仙花，天天在水里看自己）
self-absorted,自我陶醉,absorbed 全神贯注
self-abasement,自卑,来自 abase
abase,贬低，贬损,a-to+base
debase,降低,基础上的下降
demean,贬低,意思上的下降
degrade,（职位上）降级,级别上的下降
nascent,初生的=inchoate,反义：moribund;-escent后缀，nat/nas=born，如 native（天生的，本国本土的）
innate,先天的=inborn,生（nat）在里面in
natal,出生的，诞生的,主要是指生这个动作
nasal,鼻子的，有鼻音的,来自 nose；联想：那na塞sa住了l
Renaissance,文艺复兴,re-again+naiss(nas)+ance
neonate,新生的，新生儿,nao-nep-new，nat=born
nautical,船员的，航海的,~ term 航海术语；nau/nav=ship（navy）
navy,海军,
navigate,航海，导航,ig=ag=act，用nav（船）行动（ig）
nausea,n. 晕船，呕吐,nau（ship）+sea大海，乘船在大海上——晕船
nauseate,v. 晕船,nauseous a.；均来自 nausea
navigable,可通行的，可航行的,来自 navigate
circumnavigate,环航,circle-绕圈航行
abnegate,放弃，否认,一般是放弃一些权利，ab-away，否定并扔一边
renege,背信，食言,go back on promise；re-反过来否定neg自己的话
renegade,叛教者，背叛者，叛徒,反过来re否定neg自己人==叛徒
apostate,背道者（叛徒），背叛者，叛教者,apo-ab-away+state=背离国家，也可以联想：apologize对不起祖国；联想，说反了
traitor,叛徒,
nexus,连结，联系,nex-=nect-=connect，us结尾的大部分都是名词
annex,吞并，兼并,an-to强连接——吞并
noctilucent,夜光的，夜明的,luc-=light
nonchalance,冷淡,a. nonchalant（~=aloof/frigid/apathetic）；non-表否定，chalance看成chance，“不给你机会的人”是冷漠无情的；源：calorie n.（热量）
impassive,冷漠的,im-not 没有热情的passion
phlegmatic,冷漠的,phlegm n. 痰，表示对一个人唾弃的感觉；联想：phleg-flag 表示衰退，情感退去
nondescript,无可名状的，难以区别的，无特征的,scribe/script=to write(describe)，non（难以）describe（描述）的
inscribe,题字，题写,in-on，写在上面；联想：写在里面
prescribe,开药方；规定,pre-before，先写下来-规定药方
ascribe,归因于……to,a-to+scribe=记一笔，记一功；~ A to B，A是果B是因；谐音，kuibi，归比
subscribe,订购，捐献，赞同,在下面写上名字确认 —— 赞同
transcribe,抄写，誊写,trans-across从一边写到了另一边
proscribe,禁止,pro=1before;2forward，向前，“前方公告牌写明”->禁止
permit,允许,
circumscribe,限制,circum绕圈，圈起来写，把xx圈起来很限制的感觉
nonplus,使困惑,plus=ply=叠加，无法加上QQ
mystify,困惑,同源：mysterious
demystify,阐明,de-反义，使不困惑->阐明
confound,使糊涂，迷惑,同源 confuse
surplus,过剩（的），盈余,sur-1surface表面;2more，plus-加，多加了很多
trade surplus,贸易盈余,
trade deficit,贸易赤字,联想：deficient
nonporous,不透气的,<来自 pore 毛孔>
nonesuch,无可匹敌的，无与伦比的,没有non这样的such，忒好了（褒义）
nonpareil,无可匹敌的，无与伦比的,non+pare（来自compare），没有能与之比较的
matchless,无可匹敌的，无与伦比的,
nonentity,不重要的人或事,non+entity
entity ,实体,同源 entire，完整的东西
novice,新手，初学者,来自 nov=new，-ice 表示名词后缀
veteran,老兵、老手,
tyro,新手,谐音：太柔——新人
noxious,有害的,nox/noc-=harm(innocent，in-否定，noc-害处的，没有害处的)
nocuous,有害的,nox/noc-=harm
obnoxious,令人讨厌的,ob-加强+noxious
pernicious,有害的,nic=noc=harm，per表示through，一直有害的
internecine,互相残杀的，内讧的,inter-between，nec=noc，相互之间带来坏处
noisome,恶臭的fetid；令人讨厌的；有害的,联想：noisy，噪音是有害的/讨厌的
numb,（情感或者肢体）麻木的,联想：number 对于数字已经麻木了
numbness,麻木,
dumb,哑巴的，愚蠢的,dumb bell 哑铃
dumbfound,惊呆,dumb 哑巴，found 发现，发现的时候变成哑巴了，很惊呆说不出话了
oblivious,遗忘的，忘却的,"be ~ of，<ob-against,liv=life，没有生命力的所以被人遗忘>"
oblivion,（时间上）湮没，忘却,fall into ~ 被遗忘
obsequious,谄媚的，奉承的,"sequ/secu=follow, (consequence后果，紧跟其来)"
sequel,续篇，续集,sequ-=follow
persecute,迫害,per-through，sec-尾随，一直跟踪你尾随其后找机会下手——迫害
prosecute,上述，控告,
consecutive,连续的,跟(secu)在一起（con）；~ interpreter 交传；simultaneous interpreter 同传；
obstreperous,喧嚣的；任性的,ob表示加强，联想 stre-street 街上吵闹
rowdy,喧闹的,row 争吵，联想：两个人抢座row最后吵起来了
roar,呼啸,也是喧闹的一个状态
offhand,即时的，无准备的，即兴的,不用任何帮手的，不用帮助，远离帮助
off-key,跑调,off-远离，key-调
offspring,子孙后代,spring萌芽
opportune,凑巧的，适宜的,联想 opportunity，机会来得早不如来得巧
inconvenient,不方便,
apposite,适当的,与 opposite 相反
apropos,恰当的,appropriate同源
orthodox,（思想）正统的，传统的,ortho-right，dox-opinion
traditional,（习俗，行为）传统的,
conventional,传统的,过去的传统，现在可能不这么做了；谐音，vention文天祥时期就有的
orthodontics,畸齿矫正学,同源dentist（牙医）
orthography,正确拼法,-graph 表示写
heterodox,异端邪说的，非正统的,hetero-表示不同，不同的观点(dox-=option)
paradox,悖论，自相矛盾,para-:1在上面paramount；2旁边；3相反，相反的观点
paradoxical,自相矛盾的,
outlet,出口，出路,let=小，out表示出，可以表示出口也可以表示情感的发泄口
rivulet,小溪,river+let
droplet,小水滴,drop+let
amulet,护身符,am-love，爱慕，爱护你的小东西let是护身符
outset,开始，开端,~=set out to do，着手做某事
onset,攻击，开始,~=set on 攻击；一般表示不太好的事情的开始
outlay,费用,~=lay out花销花费
outlandish,新奇的，奇怪的,out-=1外面2过多，land大陆以外out，很新奇
outfox,智胜,
outwit,以机智胜过,
outrage,暴怒，暴行,来自rage（暴怒，大怒）
outrageous,暴怒的，发怒的,outrage变体
fury,暴怒,来自 fire；联想：fur，毛发竖立
infuriate,激怒,in-加强+ate，使……发怒(fur)
overbearing,傲慢的，专横的,~=haughty=arrogant；bearing=behavior，over- 上面，高高在上的行为举止是傲慢无礼的
arrogant,傲慢的,
overhaul,彻底检查，大修,haul（拖，拉），“往上拖”->在4S店大修要拉起来
overturn,推翻，颠覆,over:1在上面;2more than;3turn翻转；
overthrow,推翻，颠覆,~ the government
overstate,夸张，言过其实,state-陈述，over-过高，说的有点忒过了
understate,描述不充分，轻描淡写,under:1在下面；2less than
oversee,监督,over-在上面看着你
oversight,忽视，忽略,~=overlook
supervise,监督,
overwrought,紧张过度的,over：过于....，wr扭曲，过于扭曲的，过于紧张的
overture,前奏，序曲,ture-tune（调）
override,藐视，违抗，破坏，蹂躏,rid-表示笑（rid=ris=laugh，如ridiculous），在上面笑，表示蔑视；ride-骑车，骑在草坪上，蹂躏、破坏
ridiculous,荒谬的,rid=ris=laugh
deride,嘲笑,de-加强，rid-laugh，联想：从车上掉下来；
derisive,蔑视的，嘲笑的,deride 变形
risible,爱笑的，滑稽的,ible-能，ris=laugh
2022-07-25 学习,,
palatable,美味的=delicious,联想：plate table 桌上的食物，盘子里装了一堆美味佳肴
palate,上颚，味觉,
cleft,裂缝,cleft palate 唇裂，联想，从left左边切c出一条缝
luscious,美味的,lust，让人很有欲望的感觉，很想吃
succulent,美味而多汁的,源自 suck
delicacy,美食,与delicious同源
paranoia,偏执狂，多疑症（疑心的）,para-=1above;2against;3旁边/辅助的；
paranoid,多疑的，偏执的，偏执的人,para+noid-mind，有辅助的想法，其他的想法
paradigm,范例，典范,dig=dict，在旁边不断指引你的
paragon,范例，典范,联想：走go在你上面para的
parasite,寄生虫，靠他人为生的人,总坐在别人旁边的人
paraphrase,解释，释义,phrase 短语，在旁边写短语 —— 解释
dubious,多疑的,来自 doubt
skepticism,怀疑，多疑主义,同源 skeptical
parsimonious,吝啬的,联想：par怕si死的Simon很吝啬；源自 spare 节约
spare,空闲的；备用的；节约,～ time
parsimony,吝啬,pa怕si失去money的是“吝啬”
stingy,吝啬的,源自 sting；见谁就盯谁，跟谁去吃一顿
niggardly,吝啬的,
niggard,吝啬鬼,nig联想成neg，消极鬼，小气鬼，对花钱很消极的
miser,吝啬鬼,mis-hate，令人痛恨的人
miserly,吝啬的,同源 miser
frugal,节俭的,不浪费，谐音：早上吃一块“腐乳够了”
thrifty,节约的,thrift（节约）-thrive（繁荣）
economical,经济的，节约的,
sparing,节省的,来自 spare，表示省钱
pedestal,机座，底座，底架,ped-foot，“pede”站stal在脚下的（pedal脚蹬子、踏板）
pedal,脚蹬子、踏板,gas pedal，油门
impede,阻碍,im-into，往里伸脚绊人是阻碍
expedite,加速,ex-out+ped（脚），走出去 —— 促进
expedient,权宜的，有用的，权宜之策,加速你做事的，权宜之计，有用的
pedestrian,行人，乏味的，无聊的,ped+stri-street+ian，天天在马路上溜达的人
peddle,兜售，沿街叫卖,e=易，容易e兜售
paddle,划船，涉水，浆,pa=怕坐船，怕pa涉水
tripod,三脚架,
expedition,远征，探险,ex-外，ped-脚
centipede,蜈蚣,centi-100只脚ped是蜈蚣
podiatry,足病学,pod=ped=脚
manufacture,生产,manu=hand
manual,使用手册,manu=hand
manicure,修指甲,cure=治愈治疗，manu=hand
pedicure,修脚,cure=治愈治疗，ped=脚
emancipate,解放,e-out+man-hand+cip-catch+ate，将抓住的双手放开 —— 解放
manipulate,操纵,mani-hand+pul-pull+ate，用手拉动
maneuver,操纵，策划，军事演习,maneuver the car驱车移动；maneu-manual手，ver-vert转，用手转动；on maneuver 军事演习
manacle,手铐、束缚,mana-手，-cle小的名词后缀，在手上的小东西
pediatrics,小儿科[医],ped-=1脚；2孩子
pediatrician,儿科医生,
pedant,腐儒，卖弄学问之人,ped=孩子，像小孩一样的读书人，学一点知识马上就会显摆
pedantic,迂腐的，爱卖弄学问的，卖弄知识的,源自pedant
pedigree,血统，家谱,ped=孩子，孩子下面还有孩子，gree-=grow，一代一代生孩子
pedagogue,老师,gogue: leader，领导孩子ped
demagogue,煽动者,demo-人民，gogue:leader，领导人民的人
orthopedics,整形手术,ortho-正确的，ped-小孩，从小孩子的时候就把他矫正过来，整形
encyclopedia,百科全书,en-加强，cyclo周期/循环，ped孩子，从小到大都看的
peer,同龄人，凝视,源自 pair: par-equity
peerless,无与伦比的,没有东西跟他相等par-equity的
parity,相等，对等,par-equity
disparage,贬低，贬损,dis-not+par+age，不公正对待一个人——贬低
penitent,悔过的，后悔的,pen/pun-=punish，惩罚自己
penalty,处罚，罚点球,pen/pun=punish
penalize,惩罚,pen/pun=punish
impunity,免罪，免罚,im-否定，pun-惩罚，不惩罚
repent,后悔，忏悔,regret，re-表示反过来，反过来惩罚自己
penance,自我惩罚,pen=punish
remorse,悔恨，懊悔,参考：repent，反过来咬自己，morse-(mouth)=bite
percolate,过滤,per-表示through，col=drain表示排水
colander,过滤器，漏勺,col=drain表示排水
filter,过滤，过滤器,联想：fill充满了所以要过滤
perforate,打洞，穿孔,per-through，for-为了一个目的而穿过是打洞
drill,钻头；操练；钻（孔）,与train同源
bore,使厌烦，挖（洞）,
pierce,刺破，刺穿,have my ears pierced 扎耳洞；pin-针
puncture,刺，扎，刺穿；削弱，使……无效,pin-针；punctured tyre扎胎
stab,刺，戳,~ sb to death，将某人刺死；源自 staple 钉
staple,订书钉，钉,stable-稳定，把东西钉住之后东西就稳定了
spike,刺穿,和 spear 长矛同源
impale,刺穿,im-in向里，pale-pole-杆子，棍子；pole dancing 钢管舞
perfunctory,敷衍的，潦草的，不认真的；不走心的，敷衍草率的,per-:away，funct-=function 功能，“擅离职守远离功能”->敷衍
defunct,死的=dead,de-反向off，没有功能funct，=demise
dysfunction,人体机能失调,dys-=die，“功能坏死”->机能的失调
malfunction,（机器的）故障,mal-坏，功能funct坏掉了
perspicacious,独具慧眼的,per-through 后缀-acious，表示多，spic-:看，看得多的人，独具慧眼
perspicuous,清楚地，明白的,spic/spect-=vis/vid=see；per-一直，一直在看spic就看清楚了
conspicuous,显著的，杰出的,一起con看spic你因为很显眼——显著
circumspect,小心的，谨慎的,circum-四周，过马路往四周小心看一下
retrospect,回顾,retro-=backward，往回看；in ~ 回顾过去（作状语）
introspect,自省，反省,intro-向里，深入去看你的内心——反省
despise,鄙视,往下看
despicable,可鄙的,despise 变化，able-能鄙视的
speculate,推测，猜测，投机,看准了进入，~ in sth
perspire,出汗,spire=to breathe（spirit精神）；源自 pore 毛孔
spirit,精神,能有气spire=to breathe的感觉
aspire,渴望,~ to sth；a-加强，加强呼吸一口，极其渴望
expire,到期，死亡,n. expiration；ex-外，把气spire吐完了
respire,呼吸,re-加强/再一次，spire-呼吸
respiration,呼吸,artifical ~ 人工呼吸
conspire,串通一气，勾结；共同导致,con-一起，spire-呼吸，一起喘气
suspire,叹气,sus-sub-往下呼吸
transpire,（事件，秘密）泄露,trans-从一边到另外一边，把这个气吹到另一边了
pertinacious,固执的,per-through，ten-tain=keep；一直固执的
tenacious,固执的，坚定的,ten-tain-keep+acious多；保持自己观点过多的，不接受别人的观点
tenable,观点能站得住脚的,able-能，ten-keep，能保持得住
tenet,信条，原则,et/let/ette表示“小的“名词后缀，保持在内心的小东西，一直坚持ten保持的小东西
tenant,房客,保持房屋使用权的，联想：ant蚂蚁四处搬家的人
tenor,男高音，主旨,
sustenance,维持，粮食,维持ten你生命的东西
countenance,支持，面容，表情,contain包含，coun是con的变形，包含你内心的表现
stubborn,固执的（贬义）,born-生，天生固执，st-不动，不动摇，生来就不爱动的
mulish,固执,mull像驴一样的感觉
obdurate,固执的,ob-加强，dur-表示last持续（联想during），一直持续是固执的
obstinate,固执的,stin-stand，ob-to，站着不动摇——坚持——固执
bigoted,（政治，宗教上的）固执的,bi-二，got-得到，两个东西都要得到才行的，然而鱼和熊掌不可兼得
petition,请愿,"词根pet=to seek, “寻求解决办法的行动”->情愿；联想：宠物pet，替宠物请愿"
propitiate,安慰，抚慰，安抚,让人向前寻求是安慰；联想：pro+piti(pity)，安慰可怜人
propitious,吉祥的,
impetus,动力，刺激性因素,im-to+pet+us
centripetal force,向心力,
beseech,恳求,be+seek(besought)
implore,哀求,im-表加强，plore-表示cry
entreat,恳求,加强请客，请人吃饭就是恳求人办事
plead,请求,plead with sb to do sth；源：please
importune,再三请求,再三请求进港，import进口
petrify,石头化，惊呆,"petr-rock, petroleum"
petrology,岩石学,petr-rock
philanthropic,博爱的,phile-love 爱人类 authrop-people
philanthropy,慈善，博爱,phile-love 爱人类
philanthropist,慈善家,phile-love 爱人类
zoophilous,爱动物的,phile-love 爱人类
bibliophile,爱书的,bibli=Bible=book
placate,安抚,plac-please；使人心满意足——安抚
placid,内心平静的,plac-please
placebo,安慰剂,plac-please
irritant,刺激物,联想，针对这个病状irr-ill打一针就可以刺激走路it了
appease,平息，抚慰，姑息,联想：ap-加强+pease-和平
pacify,使平静，安抚,
plagiarize,剽窃，抄袭,arise表示出现，plag-plic-表示叠加，到处抄叠加到一起发表；联想：p漂l亮 gia 假的东西出现
plagiarism,剽窃,
imitate,强调“模仿”（认为是正确的而模仿）,it-走，im-to跟着一个人走——模仿
emulate,（由于喜爱而模仿）仿效，模仿，仿真,用电驴（e-mule）下载下来模仿
supplement,增加，补充，增刊,加强 supply
implement,大型工具，贯彻，实施,complete->完成
replete,充满的,be ~ with 充满 = be full of = be filled with
ploy,策略，工作,ply-fold
plot,情节，阴谋,
deploy,展开，部署,de-off+ploy 不折叠 —— 展开，部署
precipitate,猛抛，使陷入，加速，促成，鲁莽的,源自precipice 悬崖；precipitous 陡峭的
precipitation,降水量,rain fall 加速，鲁莽
precocious,早熟的,同 premature；pre-表示早，coc-/coct=cook，表示成熟，“先烹调好的”->早熟的
concoct,调制,放在一起con烹调coct=cook，编造
concoction,调制品,concoction变体
predicament,困境,dic/dict=to speak，说，先说话的人往往会陷入比较被动的境地
valediction,告别辞,farewell，vale=well，说一些美好的话
indict,起诉，指控,~=sue/indict sb for sth；说进监狱
verdict,判决,ver-true 真实的宣判 -> 判决
edict,法令，布告,e-向外说
abdicate,放弃（权利），退位,ab-away，宣布dic离开
vindicate,辩护，辩解；证明……的清白,vin-=win，说赢了——辩护
vindictive,报复性的，恶毒的,辩护的时候说的话是报复性的，恶毒的
quandary,窘境，困境,ary名词结尾人或地点，quarter-四，四面楚歌
plight,困境,p扑灭light——陷入困境
penchant,嗜好，喜好,[反]dislike；chant 表示圣歌，赞歌，爱好唱歌
predilection,爱好，偏好，偏爱,"词根 lect- 表示选择，pre+di-apart+lect""分开的东西选择其中的一个""->倾向"
inclination,倾向,
predominant,卓越的，支配的，主要的，占主导地位,pre+dominate（主导），词根 dom=1rule（统治）;2house(可通过kingdom记住)
dominate,支配，控制,dom+in，在内部统治
domicile,家,dom+cile，小家统治
domain,领土，版图，领域，区间,
domineering,霸道的，飞扬跋扈的,联想：在自己领域domin的工程师eer很霸道
domesticate,驯服，驯养（domestic）,联想：在领域dom内让别人听话站着st不动
domestic,国内的,
premonition,前兆，预感（对不好事情的预感）,moni=warn 警告 monitor（班长，起警告作用），在之前有所预警 —— 预感
omen,凶兆,
admonish,警告,ad-to，加强ad警告moni还是警告
summon,法庭的传唤，召唤，召集,sum-总计，moni-警告
presentiment,预感,"pre表示之前，""之前的感觉""->预感"
foreboding,预感,联想：fore之前所预报bao的
presumptuous,专横的，放肆无礼的,词根 sumpt/sume=to take，先拿走了 —— 专横放肆无礼的
resume,恢复，重新开始，简历,
assume,假设，推测，承担，假装,主观的推测
presume,假设,客观的推测
sumptuous,奢侈的,什么都买，什么（ous充满了）都拿sumpt
sumptuary,节约的，节俭的,与 sumptuous 对比
conceited,自以为是的,联想：自己撤ce了还以为别人会跟着con走it
prodigal,浪费的，挥霍的,~ with；[同]lavish，profuse；串记：天才prodigy造成巨大的浪费
prodigy,天才,ig/ag=act 最先行事的人
prodigious,惊人的，巨大的,大家都会对天才prodigy感觉很惊讶
proliferate,激增，繁殖,pro+life，产生生命——繁殖；nuclear proliferation 核扩散
prolific,多产的,激增的pro+life
multiply,乘法，激增，繁殖,
propagation,繁殖，传播,propagate 变体
propagate,繁殖,门前有（pag-pig）猪是繁殖；（光、声的）传播
promulgate,宣传,门前有驴（mule）是宣传
irrigate,灌溉,门前有花是灌溉
irritate,激怒,灌溉变踢t是激怒
subjugate,镇压，征服,压在门下sub是镇压
mitigate,减轻,mit-送到门口是减轻
profligate,挥霍的（人）,飞fli到门前pro去挥霍
instigate,煽动，发起,站sti在门里是煽动
propensity,倾向,pens/pend 表示1重量；2费用；3悬挂；
suspend,悬挂，中止，休学,挂pend在下面sus-sub
suspension,暂停,
impend,即将发生的，迫在眉睫的,挂pend在心里in即将发生；impending disaster
append,增加，附加,pens/pend 第3意思悬挂；
appendix,附录，烂尾,pens/pend 第3意思悬挂；
pension,养老金,pens - 第2意思费用
pensive,悲伤的，沉思的,人心情重，pens - 第1意思重量；联想 pension 养老金就很悲伤
ponder,仔细思考，沉思,不及物动词，接 over，反复掂量是沉思，-er 表反复；pound 磅；pond-pound + er 表示动作的重复，反复掂量重量
ponderous,笨重的,
preponderant,占主导的，占优势的,在最前面pre占有很重要pond比例的
compensate,弥补，补偿,一起com给你一些费用pens是补偿
perpendicular,垂直,pend - 第3意思悬挂
vertical,垂直的,
prophet,预言家,pro-before + phe-phon-sound
prophecy,n. 预言,pro-before + phe-phon-sound
prophesy,v. 预言,pro-before + phe-phon-sound
prosaic,单调的，无趣的，散文的,来自prose散文 -> 散文的特点没有冲突，单调
prose,散文,p+rose玫瑰
pseudonym,假名，笔名,"nom/nym=name，pseudo表示假的，""ps的照片是假的"""
anonymity,匿名,a-一个+no没有+nym名字+ity
anonymous,匿名的,~ letter 匿名信
autonomy,自治，自治权，人身自由，自主权,auto-自己有名nom=name，autonomous area/agion 自治区
denominate,命名,de-to，加强de有名字nom是命名
ignominy,耻辱,ignominious 耻辱的；ig-in-not，如 ignore；没有ig名誉nom —— 耻辱
nominate,提名,在内部in有一个名单
pseudoscience,伪科学,pseudo假
pseudomyopia,假性近视,pseudo假myopia近视眼
pugnacious,好斗的,-acious表示多，pugn-fight，“打得多”->好斗的；联想：pugn->啪一下打过去
repugnant,敌对的，令人讨厌的,re-back+pugn-fight，反过来打自己——敌对
impugn,抨击谴责,im-加强pugn打击，言辞上的打击
champion,支持、冠军,拿冠军了大家肯定都支持你
rebel,叛变，造反，叛徒，叛党,bell-=fight，b字母开头的词往往和击打有关；re-相反，反过来打bell —— 叛变
rebellious,叛变的，桀骜不驯的,rebel 变体
bellicose,好斗的,-ose如果是形容词结尾=-acious=多，打仗bell打得多则是好斗的
belligerent,交战的，战争中的,ger=fer=carry 带来了战争bell的
puissance,权力，权势,源自 power；pow-pui+ss 无意义 + ance
impuissance,无力，虚弱,im-否定+puissance
clout,权力,联想：cloud，像乌云遮天一样一手遮天——势力，权势
2022-07-26 学习,,
punctilious,谨小慎微的，一丝不苟的,punc--prick 扎，（源自：puncture）；扎针肯定得小心谨慎的
compunction,后悔,内心一种刺痛感 —— 后悔
pungent,辛辣的，刺激的，泼辣,punc-pung，刺有关，刺激的
expunge,删除,~=expurgate；把刺向外拔出来
poignant,辛辣的，刺激的,联想，point，点/尖->刺
quail,感到恐惧，畏缩，害怕，鹌鹑,联想 quiet，被镇压的都安静了下来，是因为感觉到了恐怖
quell,镇压,quiet，镇压之后的状态
squelch,压制，制止,
rail,铁轨，栏杆，谴责，痛骂,有些国家火车票都买不到，所以提到的时候就痛骂
bail,保释金，保释,联想：jail 监狱
quaver,颤抖,来自quake颤抖（earthquake）
quiver,颤抖,quaver 变形
shiver,颤抖,连续的抖
shudder,颤抖，战栗,抖一次，打了一个冷战，联系 shoulder 肩膀一抖；~ at sb/sth，对 …… 感到不寒而栗
querulous,鸣不平的，发牢骚的,来自 quarrel，充满了争吵的
quirk,怪癖,来自 queer
queer,奇怪的，同性恋的,带有贬义色彩
quaint,奇怪的，古香古色的,联想：quai->guai怪
eccentric,怪癖的；怪人；偏心,-ic--adj形容词后缀，ec=ex，“脱离中心、不合群”
bizarre,奇怪的=weird,奇怪的集市（bazaar），bi开头是奇怪
bazaar,集市，慈善义卖,奇怪（bizarre）的集市，ba开头是集市
quisling,卖国贼,quit-退出自己的国籍的人是卖国贼
rally,集会，集合,re+ally 联盟，再一次所有人都在一起了
rampage,乱闹，暴跳，发怒,联想 ram，或者联想成到处 run 的
ramp,斜坡，乱冲乱撞，暴跳如雷，坡,"联想 ram；same as ""list"" or ""shelve""，通往 camp 的斜坡"
rampant,猖獗的，狂暴的,联想 ram
rankle,激怒，irritate，使人怨恨,re+ank=anger，-le表示动作的反复，反复让一个人生气，则为激怒；联想：rank ，来回排名引起众怒
rancor,怨恨，仇恨,联想：rankle
goodwill,友好，好意,
rant,咆哮，严重的批评,谐音：嚷他——咆哮，严厉批评
rapacious,贪财的，贪婪的,"rap/rav- = to snatch 抢夺/吸引注意力（rapid,rap），“抢得多”->贪婪"
rape,强奸,
rapture,入迷，狂喜,rap-抓住一个人注意力
enrapture,使入迷，使狂喜,rap-抓住一个人注意力
ravish,迷住，抢夺,rav=rap
ravishing,引人入胜的,rav=rap
ravenous,饿极的，贪婪的,so starving，rav=rap
ravage,抢夺，破坏,age往往表示动作的结果，rav=rap
bereave,剥夺，使丧失亲属,~ sb of sth；rap变形成rea;a bereaved mother，失去孩子的母亲
bereft,失去……的,联想：be+left；~ of sth；be ~ of confidence/meaning
ratiocination,推理，推论,"rat/ratio=reason,right（权力，正确，经过推理的东西基本都是正确的）；"
rational,合理的，理性的,
irrational,不理性的,ir-否定
ratio,比率，比例,
ration,（按额分配）配给量，配给,
quota,定额，限额，配额，任务额,
ratify,批准,-ify动词后缀，right+ify——使有权力——批准，授权
ravel,使纠缠，使混乱，（毛衣，毛线）散开，开线,rival和对手纠缠在一起
unravel,解开，揭开，阐明=elucidate,un-否定
rebuff,回绝，拒绝,re-against，回绝一个人请你吃自助餐buffet的请求
recalcitrant,反抗的，顽抗的,re-取反，联想：cal=call，反过来喊
unruly,难以管束的,un-否定，rule-规矩，没有规矩的人->难以管束
reciprocate,酬谢，报答,re-back+pro-foreward，向前又回来（礼尚往来）；
reciprocity,互惠互利,re+city+pro+city，源：ci=cess=to go
reciprocal,互惠的,
retaliate,报复,re-相反，tal=tell，说一些不好的话报复；~ against sb by doing sth
recompense,弥补，补偿 for,~for；再一次一起给你花点钱，re+com+pens-cost一起给你付些费用；re-again，recompense = compensate
recuperate,复原，康复,联想：re再喝一杯cup茶就康复；词源：recuper--recover
recoup,恢复,
redoubtable,可怕的，令人敬畏的,联想：re-反+doubt+able，不敢质疑——害怕
awesome,令人敬畏的，极好的,
formidable,可怕的，令人望而生畏的,for-fear+mid+able，在内心中间mid充满了able恐惧for的
redundant,冗余的，被解雇的，多余的,red=re-再一次，与 abundant 对比，再一次多，就是多余；make sb ~
abundant,丰富的，大量的,
regime,（通过篡权得来的）政体，政权,reg-=1rule，如regulate（管理）；2国王king
regicide,弑君,cide-杀，reg-皇帝，杀死皇帝
regal,堂皇的，帝王般的,reg-皇
regimen,养生法，养生之道,皇帝生活的一种方法，寻求长生不老
reign,统治，统治时期,联想：region（地区）
rein,统治，驾驭,rein the horse 驾驭这匹马；来自 reign 其中 g 脱落
rigid,严格的，硬的,被管理(rein)的很严格的
rigorous,严密的，缜密的，严格的，严厉的,管理严格；~ inspection
deign,屈尊,de-向下；放下架子；~ to do sth
condescend,居高临下,descend-下降，condescend oneself to sth.
egress,出去,
digress,（话题）跑题，离题,di-away，走离开；off-point=digress from sth.
transgress,逾越，违反,走过界就违反
aggress,侵略,
recession,经济衰退,it/cede/cess/vade=to go
wade,涉水，过河,wade=vade=to go；联想：invade（侵略）
waddle,摇摇摆摆地走，蹒跚,ddle-反复，wad=vade，反复走
pervade,弥漫,vade=to go，per-through贯穿，一直在走，走遍了
evade,躲避，回避,e-往外，vade=to go，往外走，机制地躲避
evasive,晦涩难懂,~=eclusive
rehabilitate,恢复健康，恢复名誉，官复原职,reh+ability+ate，再一次有能力了
reinstate,官复原职,re-再一次+in进入+state状态
relegate,移交，转移，降级，贬谪,leg/lect:1choose（elect）；2read/say（dialect方言，lecture演讲）；re-back回+leg-选择，选出一个人让他回家是贬谪
delegate,代表，委派,de-to+leg-choose，选出来的人是代表；~ sb to do sth；联想：de-下+leg腿，下去跑趟腿
eclectic,博采众长的，折中的,ec-向外+lect-选，从各个公司中选出最好的
eligible,合适的，合格的,lig-leg；e-向外，ible=able能，能够被挑选出来的人肯定是合格的
legible,（字迹）清楚的,leg-read，ible=able=能，能读的是字迹清楚地
illegible,字迹不清的,il-否定+legible
reminisce,回忆，想起,~ about sth；esce=isce，前面有个 remind，表示回忆起，想起；不及物
resilience,弹力，韧性,re-back，sil-sal/sult=leap(consult)；联想：re+silk丝绸+ence
elastic,（皮肤）有弹性的,e-加强，来自 last，加强有弹力
elasticity,弹力，弹性,
desultory,无秩序的，散漫的，不连贯的,de-off，向四周乱跳 —— 不连贯的
salient,显著的，杰出的,跳出来——脱颖而出的感觉=conspicuous
assail,攻击（言语或身体上的）,ass-as-to+sail-sal-扑/跳，加强猛扑过来
assault,攻击，袭击,ass-as-to+sault-sult-扑/跳，加强猛扑过来
resuscitate,复苏，苏醒,re-again，sus=sub，cite=call（excite），再一次在下面又说话了——苏醒
incite,煽动，激起,联想 excite，excite 是激动；in- 加强，不断加强去说
solicit,恳求,sol表示单独，单独去说是恳求
solicitor,律师,指的是不出庭的律师
revolt,反抗，起义，反叛,revolution（革命）;re-against，volt/volv=turn，转到我的反方向->对立，反过来“踢t”的是反抗
revolve,旋转,volv=turn，re-表示加强，再转一次还是旋转
devolve,移交，委托，传下,de-down，向下转交
convolute,缠绕，盘旋,volu=volv=turn，缠turn在一起con
voluble,滔滔不绝的，口若悬河的,vol+able，嘴巴能够转动volv起来
evolve,演变，发展，形成,~ from;e-表示出来，“转出来”->演变，演化；evolutionary theory 进化论
rotund,圆胖的，声音洪亮,-und是形容词后缀，词根rot-=wheel，如round；一个人的身材像轮子一样
rotate,旋转,rotating president 轮值主席
rote,死记硬背,一轮又一轮rot=wheel
dextrorotatory,右旋的,dextro-右，rot-whell
levorotatory,左旋的,levo-左，rot-whell
rumple,弄皱=crumple,ump-隆起，ru-反复
wrinkle,脸上的皱纹,wr-twist，扭，脸上扭曲是皱纹
sage,贤明的，明智的，审慎的，贤人，圣人,sag=wisdom 智慧，动词可以引申为“知道”的意思
saga,传奇，传说，英雄故事,gaga就是个saga
sagacious,明智的,-acious 表示多，智慧sag很多
presage,预感，预见，先知,pre表示之前，之前的智慧->预感
sapience,智慧,sap=sag
prescient,先知的,sci=know也表示“知道”，（conscious有意识的），pre-之前
nescient,无知的,ne-否定+sci=know
omniscient,无所不知的,omni表示全部，如omnivore（杂食动物），sci=know
prognosisi,（对于疾病的）预示，先知，预感,gno=know，如ignore，recognize；pro- 之前知道是预感
prognosticate,（重大事情）预示，先知,pro-之前+gno-know
cognition,知道,the ～ of sth；同源：recognize
cognizant,认知的，知道的,be ~ of；同源：recognize
sanctimonious,假装神圣的，假装虔诚的,"词根 sanct/sacr=holy 神圣的（sacrifice,sacred，secret-sacr变形）"
sanctimony,假神圣,sanct+money，为了钱而神圣
devout,虔诚的,源：devote，所有的一切都奉献给你了，那肯定是虔诚的
pious,虔诚的,"对照 bias（bi-2as作为，总是把别人作为第二位去看）,偏见"
sacrosanct,神圣不可侵犯的,sacr=sanct=holy，两个神圣的放在一起，不可侵犯
sanctuary,圣殿，神殿，保护区,-ary表示地方，神圣的地方->神殿
shrine,神殿,联想：shine，阳光洒在鲜花上
sanction,认可，批准授权；制裁,sanct-holy，ction-action，神所赋予你的行为
consecrate,奉为神圣，（对于宗教的）奉献,con-一起，secr-sacr-holy，大家一起把它奉为神圣
desecrate,亵渎,de-向下，secr-sacr-holy
execrate,痛恨,把一个人的秘密 secret说出去ex-了，遭到了别人的痛恨loathe
sacrilege,亵渎,sacr-holy，leg-选择，选择leg把腿leg迈近了圣地sacr
sanguine,乐天的，（由于健康）面色红润的,源自 sangui-blood；三姑sangu面色红润地走进来in
scrupulous,小心谨慎的，正直诚实的，仔细审查,scr/cr——手上的动作，screw 吝啬鬼——花钱谨慎
screw,吝啬鬼,scr/cr-手上的动作，花钱谨慎
scruple,顾及，考虑,to do without scruple 肆无忌惮做某事；scr-手上的动作，吝啬鬼花钱谨慎，顾及很多
wary,小心，机警的,warn 同源；be ~ of sth
gingerly,小心的，谨慎的,来自ginger姜，姜还是老的辣（精明，小心，谨慎）
chary,小心的，谨慎的,源自care
scrutinize,仔细检查,把小罐tin拧scru-screw开，仔细检查
scramble,爬，炒,scr+amble，漫步，徘徊，“用手走”->爬；～ eggs 炒鸡蛋
crawl,匍匐,cr-手上动作
scrap,碎片，废弃，打架，争吵,scr-打架用手打，手上的动作加上了个rap，吵架打架
scrape,擦，刮，刮擦声,
seismic,地震的,seism=earthquake；seismic waves 地震波；联想，看到的se都是is昏天暗地的mic
seismology,地震学,
seismometer,地震仪,
anti-seismic,抗震的,
shear,修剪,联想：剪耳朵
sheer,几乎透明的=almost transparent; 垂直的，陡峭的=vertical；纯粹的，完全的=complete,ee想成眼睛
sear,（烧灼）留下烙印，使枯萎,联想，s烧ear耳朵
sere,干枯的,
singe,烧焦,sin-sun，太阳太足会烧焦
scorch,烫焦，烧焦,谐音：烧烤吃；scorching summer 炎热的夏天
parch,使干枯,谐音：怕湿
scald,烫；烫伤,
scold,斥责,联系：烫伤以后被骂
slick,（皮肤等）光滑的，（人）油嘴滑舌的,"sl-""滑"""
sleek,（毛发）顺滑，光滑的，吸引人的,
slink,溜走，滑胎,
slither,滑行，滑动,蛇的滑行，snake
sloppy,邋遢的，不整洁的，不修边幅的,联想：slipper 穿拖鞋，邋遢
slippers,拖鞋,
slovenly,懒散的，不修边幅的，邋遢的,爱love死s懒死懒的
slur,含糊不清的讲；诽谤,谐音：诅咒别人s死lur了得了->诽谤
blur,使模糊不清,来自 blear a.不清楚的，模糊的（b不clear）
vague,含糊的，模糊的,模糊的时尚vogue；谐音：伟哥模糊不清
vogue,时尚,模糊vague的时尚
nebulous,模糊的，暗淡模糊的,nebul-=cloud，满天都是乌云的，很模糊看不清
nebula,星云,nebul-=cloud
obscure,模糊的，掩盖,ob-/obs-取反，来自care，没有ob被关注cure到
smirch,弄脏,由smudge变形
smear,（用湿的，粘的东西）弄脏,由smirch变形
defile,弄脏,file文件掉在地上de了
smug,洋洋得意的，自鸣得意的,"同源：smile，smuggle & smug -> ""走私成功，沾沾自喜"""
smuggle,走私,走私的是smoke/drug烟和毒品；smuggling goods 水货
traffic,非法交易,
snug,温暖而舒适的,snug && snuggle，两个人依偎在一起温暖而舒适的
snuggle,依偎，倚靠,snug变体，两个人依偎在一起温暖而舒适的
snub,冷落，怠慢，不理睬,
snob,势利小人,s+noble——贵族——势力
snobbish,势利的,
2022-07-27 学习,,
solidarity,团结,sol-=alone单独，solid固体，成为一个固体
console,安慰,"共同""安慰""一个人"
solace,安慰,
inconsolable,极度悲伤的,in-否定+console（安慰）+able能，无法被安慰的
disconsolate,孤独的，郁闷的,dis-否定+console（安慰）+ate，没有人安慰你的
sonata,奏鸣曲,son--sound
consonance,一致，和谐,声音son都一样con
dissonant,不和谐的，不一致的,声音son不一样dis
resonance,共鸣,re-back，回来re有个声音son
resound,回响,不及物动词，~ through，
sonorous,响亮的，铿锵有力的，声音洪亮的,son--sound
supersonic,超音速，超声的,super-超级，son-声音
sordid,肮脏的，下流的,联想：sore（酸）+did，做得很酸很尖刻很下流
pristine,远古的，质朴的，纯洁的,远古之前的时间，pri-pre+stin-thing，很早以前的东西都是很质朴的
squalid,肮脏的，下流的,
filth,肮脏,同源：filter 过滤
filthy,污秽的,
sovereignty,主权，主权国,由 sovereign
sovereign,君主,sove-sole，reign 表示统治，一个人sove统治reign
sporadic,零星的，偶发的,spo——spot 点，radi-=send out，发出星星点点——零星的
chronic,慢性的，长期的,
squash,镇压，压制,大家都 quiet=quell
quash,平息，镇压,quash后就quiet了
lash,鞭笞，鞭打,l开头的单音节词汇往往和细长有关
bash,猛击猛打,源自：beat
clash,冲突,border clash（边境冲突）
crash,撞击,
smash,粉碎,s+mash，源自 mash
mash,弄碎，捣碎,mashed potatoes 土豆泥
slash,（费用）削减，砍,sl-下滑的感觉
stash,隐藏，藏匿,st-站着不动的感觉，st-ash站在灰里
abash,使尴尬,a-to加强，b-打，feel ~ 感到尴尬
statute,法令，条例,来自 state，让一个国家站立的是法令
stature,名声；身材,st-站立
statue,雕像,st-站立
prestige,威望，声望,pre+stige，站在最前面的舞台上
stymie,阻扰,sty-stand+mie-me，站在我前面阻碍我
stunt,特技，阻碍动植物的生长；绝活,st-stand；令人震惊（stun）的技艺
stagnant,停滞的，不发展的,gn-gen，“产生站立不动的感觉”->停滞不发展了
stasis,停滞，不发展,
staunch,坚固的，坚定的,st-不动摇
stolid,不易激动的，感觉迟钝的，神经麻木的,联想：solid（固体）
stoic,坚韧克己之人，禁欲者,Stoic是古希腊的一个哲学流派，主张禁欲；或者 st-不易激动的人
stoical,坚忍的,
stray,迷路，偏离，漂泊，迷路的，离群的，漂泊的,~=go astray；联想 street，在马路上漂泊流浪的样子
strive,努力，奋斗,~ for sth，不及物动词；s+drive，不断驱使你去做的
struggle,斗争,~ for
subvention,补助金,vent=come（went），如invent，prevent，在下面来的->津贴，补助
advent,（气候，节气）的到来,ad-加强+vent来，加强到来
circumvent,绕路，规避,绕一圈再来
shun,故意避开,谐音：“闪“
dodge,闪身躲开，回避，逃避，托词，躲闪,谐音：“躲之”
convene,集合，召集,con-一起，一起全来时集合
contravene,违反，逾越,来到你的反面，contra-against
intervene,干涉,来到vene我们中间inter
revenue,税收，岁入,"re-back,回到国库里的钱"
bounty,赏金，赏钱（政府所给予的）,
bonus,奖金（老板给的）,
premium,保险金，保险费,pre-先，先交的钱mium-money
kickback,回扣,
dividend,股息，红利，一般用复数～s,
commission,提成,
subsidy,津贴，补助,次要的一些钱，sid来自于sit坐，坐在下面给你的钱
alimony,赡养费，生活费,aliment，营养食物，给孩子买奶粉的钱，mony->money
sully,（名誉）玷污，弄脏,来自 soil；谐音：东西“洒了”，洒衣服上了——弄脏
soil,土壤/弄脏,
sullen,闷闷不乐的,来自sole单独，新衣服弄脏了闷闷不乐
surly,脾气暴躁的,sur-sir——先生脾气暴躁
swagger,昂首阔步走,来自于wag，摇摇摆摆地走
stagger,蹒跚,
strut,昂首阔步走，趾高气昂,对照 street，在街上游行走，挺胸抬头的感觉
prance,昂首阔步走,pride骄傲，傲慢地走
sway,摇摆，摇动,来自 swing 秋千 —— 摇摆
waver,摇摆，（人）犹豫踌躇,来自 wave，er表示动作的反复
dangle,悬荡,挂在这里来回晃，谐音：荡，荡来荡去的感觉，~ sth in front of sb（吊某人胃口）
synchronous,同时,syn-same+chron-time+ous（chronic），同时的
chronological,按时间顺序排列的,时间chron上有逻辑logic的
chronometer,计时器,
anachronism,时代错乱，年代错误；不合时宜，过时,an-否定，chron-time，时间乱套了；谐音，chron错乱；
synchronize,使同步,syn-same+chron-time
chronology,年代表,ology研究chron时间的
taciturn,沉默寡言的；缄默的，沉默的,ta->他turn转变得沉默寡言了；tac-silence
tacit,默许的，心照不宣的,tac-silence
reticent,缄默的，沉默的,tic-tac-silence；联想：再一次re提ti到“钱cent”的时候沉默不语
reserved,矜持的,reserve保留/预定
withdrawn,沉默的,withdraw所有的话都收回来了
tantalize,逗弄，挑逗,希腊神话 tantalos；谐音：”忐忑“
tantrum,愤怒,谐音：别人说你“太蠢”所以发脾气
tepid,温和的,同源：temperature
trepid,胆小的,intrepid 勇敢的；源：tremble
temperate,温和的,同源：temperature
torrid,炎热的，热带的,torrid&torpid，天很热所以人死气沉沉的
torpid,（行动，情感）麻痹的，懒散的，迟缓的，死气沉沉的,torrid&torpid，天很热所以人死气沉沉的
tropical,热带的,
subtropical,亚热带的,
totter,蹒跚，踉跄,tot-tort=twist，表示扭曲，两只腿反复缠在一起走
extort,诈骗，诈取，敲诈,ex-out，把钱财向外扭出去，把钱卷走了
retort,反驳，回嘴,re-against，反扭一把
contort,扭曲,
distort,扭曲，歪曲,dis-to，加强扭曲是歪曲
torment,折磨，痛苦,tor-tort-twist+ment-mental 精神上的折磨
torture,酷刑拷打（心灵，肉体），使折磨,tort-twist，心灵和肉体上扭曲你
torturous,痛苦的，折磨的,torture变体
tortuous,迂回的，曲折的，不坦率的,tort-twist - 扭曲这个动作，形容人就是不坦率的
torrent,洪流，湍急的水流,tort中间有一个ren人，洪流把“人”卷走
trespass,侵犯，非法闯入，入侵,tres-=trans+pass；trespass on 擅自进入闯入
encroach on,逐步侵占，蚕食,联想：approach，en-加强接近——逐渐逼近
tribulation,苦难，忧患，磨难,tribute-=to give:(distribute)，给予你的磨难
tribute,贡品，礼物，颂词,给的东西，礼物
tributary,河流的支流,ary-人或者地点
retribution,报应,re=back，给予相反的东西是报应
ordeal,痛苦的经历,order+deal，被命令去做交易 deal
turbulent,狂暴的，吵闹的，骚乱的,turb-=stir 搅动（disturb）
disturb,打扰,dis-加强，turb-=stir 搅动
turbulence,气流，骚乱,打扰别人形成骚乱，turb-=stir搅动
perturb,打扰，烦扰,per-through，一直在打扰turb-=stir
turbid,浑浊的，不透明的，混乱的,turb-=stir+id形容词后缀
limpid,透明的,一般是液体清澈透明；和liquid（液体/清澈的）同源；联想：能看见“鳞片”的
diaphanous,透明的,ous是形容词后缀，dia-穿过/跨越（dialog），phan来自于现象（phenonement）这个词，穿过去能够出现的
turmoil,骚乱，混乱，动乱,把一锅油oil都给搅开turn了，turm-turn转动
ubiquitous,到处存在的，无处不在的,反义词：unique
underdog,失败者，受压迫者,在下面像狗一样的人
underrate,低估，轻视,under-=1below向下；2less than少于，不足
underestimate,低估，轻视,
overrate,高估,
undermine,暗中破坏，暗中削弱,在下面挖墙脚
underscore,强调，下划线,score可以表示乐谱，在下面画五条线->强调
underline,下划线，强调,
underhanded,不光明的，卑鄙的，人手不够的,under-缺少+hand手；或者：在下面使手腕的
underlying,在下面的，基础的,躺在底下的
upbraid,责备，谴责,br表示分歧，braid辫子，气得辫子立起来了
fulminate,严词谴责，爆炸；抨击，辱骂,FULL+mine地雷+ate，充满地雷——爆炸
inveigh,猛烈抨击,源自：vice，恶言相向
invective,恶言，谩骂的言论,源自：vice，恶言相向
reprove,谴责,re-against+prove，举反证
reproach,谴责,re-against+approach，不接近
reprehend,谴责,通过comprehend记住，不理解
reprimand,谴责,通过command记住
rebuke,谴责,拼音：不bu可ke
upstage,高傲的，傲慢的,在舞台stage上是高傲的
upstart,暴发户,starup倒过来，突然间启动爆发了；up-1上升，程度增加或者动作向上
uptight,紧张的，焦虑的,tight-紧，紧张上升
upfront,坦率的，预付的,直面front，面对这个事情，敢于直面是坦率的
upgrade,升职，提升,grade级别，级别上升
uproar,骚动，喧闹,roar-呼啸，呼啸升级
upswing,（数字的）增长，上升,swing-秋千，往上摆
upsurge,（情绪）高涨，上升,
surge,海面波浪的，汹涌起伏,通过 surf，海浪来记，在 surface 上有巨浪 surge
insurgent,动乱的，叛党,在国家内部in有汹涌的浪潮surge
usurp,篡夺，篡位,使用不法手段上位 use+up
usury,高利贷,借很多的钱去篡位usurp
utter,全然的，绝对的，发出声音，说话,ut=out
utterance,发声，说出，说话,
unutterable,不能说出的，难以言表的,un-否定+utter+able，不能un说话utter的able
vacillate,犹豫不定,vac+will+ate，一个很空的意愿
vacant,空缺,vac-van-=empty（vacant空缺的/vanish消失）表示空；
vanish,消失,vac-van-=empty（vacant空缺的/vanish消失）表示空；
oscillate,犹豫，震动，摇摆,
vacuous,空虚的，无聊的，空洞的,vac=empty
evacuate,撤离，疏散,e-向外，向外e变空vac=empty是撤离疏散
vanity,虚荣心,van=empty=虚
vain,徒劳的，无效的，自负的,vain=van=empty
vainglorious,非常虚荣的,vain=van=空glorious光荣的
evanescent,转瞬即逝的，短暂的,e-to加强+van-vanish消失+escent逐渐，逐渐消失
transient,短暂的,同源：transition 过渡 —— 短暂的
transitory,短暂的,同源：transition 过渡 —— 短暂的
ephemeral,朝生暮死的，短暂的，短命的,e-表示向外，一个现象：phenomenon，现象很快就消失了；谐音：一发没有，一发就没有了
permanent,永久（性）的，固定的,per-through+man-main，一直保持的
eternal,永久的，永恒的,
internal,内部的,
external,外部的,
everlasting,永久的，永恒的,ever+lasting，一直持续的
perpetual,永久的，永恒的,pet-寻求，per-through，一直不断在寻求，一直没有放弃
perennial,（植物）常年生的，永久的，永恒的,per-through，enni-annual，一直+年，贯穿全年的
vagrancy,（说话、思想）游移不定，漂泊，流浪,词根 vag-=wander 徘徊闲荡
vagabond,流浪汉,vag-=wander 徘徊的人
vagrant,流浪汉，流浪的，漂泊的,
extravagant,奢侈的，浪费的,漫游得过多的 extra+vag，走去了一些没有必要的地方
luxurious,奢侈的,
vagary,妄想狂想，奇想，多变,思想漫游——妄想，形近词：vary 变化；the vagaries of the weather
venom,（蛇、动物）毒液,ven(went)=come，带来 omen，被毒液带来ven了凶兆om
venomous,有毒的（蛇、动物）,
poisonous,有毒的（致命的）,
toxic,有毒的（不一定致命）,tox-表示毒
intoxicate,使陶醉，喝醉，沉醉,in-to+toxic-毒，像中毒一样陶醉于
detoxify,排毒，解毒,de-off+tox-毒，解毒
toxicology,毒物学,
toxicologist,毒物学专家,
antitoxin,抗毒素,anti-against+tox-毒
viability,生存能力,via/voy-way，有能力ability有路via可走的
viable,有生存能力的，可行的,via/voy-way，能able有路可走via的
nonviable,无法生存的，没有生存能力的,non-否定+viable
convoy,护航(voyage),con-一起+voyage路，一起走路是护航；under ~ 被护航，in ~ 在护航
convey,运送，传递（情感）,
deviation,偏离正轨,de-off+via-way，偏离主路
deviant,（行为举止，道德）异常的,de-off+via-way，偏离
devious,迂回的，曲折的，（人的性格特征）不坦率,de-off+via-way，偏离
deviousness,不坦率，狡猾,
probity,正直,
pervious,可穿透的，可渗透的,per-through+via-way，穿过一条道路 —— 可渗透的
impervious,不可穿过的，固若金汤的,im-否定+pervious
trivia,琐事,tri-三+via-way路，妇女们汇聚在三岔路口聊一天的琐事
trifle,琐事,trivia 变体
vigilant,警惕着的，警醒的,vig/veg=lively 生动的，如 vegetable
vigilante,义务警员，治安检察员,机警的vigilant人e
vigor,精力，活力,谐音：伟哥
vigorous,有活力的,
invigorate,使有活力，鼓励，激励,in+vigor+ate，加强+vigor活力
vegetate,（植物的）生长，（人）无所事事地生活,一个人天天吃菜不吃肉，乏味的生活
void,空的，无效的,id形容词后缀，vo-=vac-=空；null and void 无效的
devoid,缺乏的,de-to加强+void；devoid of sth....
warrant,授权，保证，证明正当,search/arrest warrant 搜查/逮捕令
warranty,保单，保修单,联想：worried——担心；warrant——不担心，有保证的
whim,（突发的）想法,
whimsy,怪想法，突发奇想,
whimsical,奇怪的，古怪的，荒诞的,
wile,阴谋，诡计，欺骗,来自 vile
wily,狡诈的，老奸巨猾的,
crafty,狡猾的,
wistful,渴望的，惆怅的,wist=wish，充满了wish的
yeast,酵母，兴奋,联想：feast（大餐，联想breakfast)，有人请吃大餐特别兴奋，去吃feast，感觉很yeast
ferment,发酵，骚乱=turbulence,来自 fervid
zeal,热心，热情，热诚,
zealous,热情的,
jealous,嫉妒的,be ~ of；跟zealous联想，有j的是嫉妒，z的是热情
zealog,狂热分子,
zest,热情，风味,
zenith,顶点，顶峰，天顶，最高点，事业的顶峰,与Zeus宙斯有关，他住在奥林匹斯山顶峰
nadir,低点,同源：nod点头；谐音：“那个低啊”
apex,顶点,a+pex-联想peak，一个顶峰还是顶峰
crest,（事业）顶峰，羽冠，海浪的浪尖,佳洁士：crest，波浪形的牙刷
culmination,事业的顶峰,min-突起
pinnacle,顶峰，顶点,pin——针
summit,顶峰,
2022-08-03 学习,,
inevitably,不可避免地,联想：ev二娃要走it是无法避免的事情
facilitate,促进,fac-做it走，促进这个病人il做得fac更好走得it更快
propose,建议，提出,在你面前pro摆好pose然后提出
2022-08-04 学习,,
repaid,偿还,
envelopes,信封,联想：给工程师develop发的信封
clay,黏土,
debts,债务,
batches,批次、批量,
tablet,牌匾,
association,协会,联想：cia在一起讨论ass尸体的一个协会
intellectual,知识分子,in-否定tell说，上课lecture不用in别人告诉tell你都能知道的人->知识很多，知识分子
elite,精英,
brainchild,脑力劳动的产物,大脑的孩子，那不就是说明是经过大脑生出来的吗
accountants,会计师,
awkward ,尴尬的,
grassland ,草原,
microbes,微生物,
organic ,有机的,
multitudinous,众多,
absorb ,吸收,
philosophers ,哲学家,
applicable ,适用的,
accurately ,准确,
plausibly,似是而非的,
subjects,主题,
rarer ,稀有,
diligently,努力的,
consideration,考虑,